"","LocationAbbr","CMMR_Barcode","Target","Ct","copiesperml","SampleName","date_of_collection"
"11042","JT","YYBAEQ","CHIKUNGUNYA","Undetermined",0,"JT-24-06-11",2024-06-11
"5189","JT","YYBAEQ","CHIKUNGUNYA","Undetermined",0,"JT-24-06-11",2024-06-11
"9186","FH","CKPKYJ","CHIKUNGUNYA","Undetermined",0,"FH-24-06-11",2024-06-11
"13188","FH","CKPKYJ","CHIKUNGUNYA","Undetermined",0,"FH-24-06-11",2024-06-11
"17143","HS","TR32MD","CHIKUNGUNYA","Undetermined",0,"HS-24-06-11",2024-06-11
"21156","HS","TR32MD","CHIKUNGUNYA","Undetermined",0,"HS-24-06-11",2024-06-11
"25153","RB","Q62C6A","CHIKUNGUNYA","Undetermined",0,"RB-24-06-11",2024-06-11
"29152","RB","Q62C6A","CHIKUNGUNYA","Undetermined",0,"RB-24-06-11",2024-06-11
"33147","AS","GKHK2J","CHIKUNGUNYA","Undetermined",0,"AS-24-06-11",2024-06-11
"3770","AS","GKHK2J","CHIKUNGUNYA","Undetermined",0,"AS-24-06-11",2024-06-11
"41103","TC","G6WAT2","CHIKUNGUNYA","Undetermined",0,"TC-24-06-11",2024-06-11
"4551","TC","G6WAT2","CHIKUNGUNYA","Undetermined",0,"TC-24-06-11",2024-06-11
"4950","MC","WZGHZS","CHIKUNGUNYA","Undetermined",0,"MC-24-06-11",2024-06-11
"5350","MC","WZGHZS","CHIKUNGUNYA","Undetermined",0,"MC-24-06-11",2024-06-11
"5749","IA","ELZNY2","CHIKUNGUNYA","Undetermined",0,"IA-24-06-11",2024-06-11
"6171","IA","ELZNY2","CHIKUNGUNYA","Undetermined",0,"IA-24-06-11",2024-06-11
"6549","HO","LFX6B8","CHIKUNGUNYA","Undetermined",0,"HO-24-06-11",2024-06-11
"6949","HO","LFX6B8","CHIKUNGUNYA","Undetermined",0,"HO-24-06-11",2024-06-11
"7350","LB","U4DCHH","CHIKUNGUNYA","Undetermined",0,"LB_TX1-24-06-12",2024-06-12
"7749","LB","U4DCHH","CHIKUNGUNYA","Undetermined",0,"LB_TX1-24-06-12",2024-06-12
"8192","WF","WUCJ2Z","CHIKUNGUNYA","Undetermined",0,"Wichita Falls-24-06-12",2024-06-12
"8549","WF","WUCJ2Z","CHIKUNGUNYA","Undetermined",0,"Wichita Falls-24-06-12",2024-06-12
"8947","BC","W6L6HC","CHIKUNGUNYA","Undetermined",0,"BTC-2024-06-10",2024-06-10
"9348","BC","W6L6HC","CHIKUNGUNYA","Undetermined",0,"BTC-2024-06-10",2024-06-10
"9746","BW","TW4ZM8","CHIKUNGUNYA","Undetermined",0,"BTW-2024-06-10",2024-06-10
"10168","BW","TW4ZM8","CHIKUNGUNYA","Undetermined",0,"BTW-2024-06-10",2024-06-10
"10547","HW","WMJ5WK","CHIKUNGUNYA","Undetermined",0,"HW-2024-06-10",2024-06-10
"10947","HW","WMJ5WK","CHIKUNGUNYA","Undetermined",0,"HW-2024-06-10",2024-06-10
"11350","FR","SDWBMN","CHIKUNGUNYA","Undetermined",0,"Fon-2024-06-10",2024-06-10
"11747","FR","SDWBMN","CHIKUNGUNYA","Undetermined",0,"Fon-2024-06-10",2024-06-10
"12191","S1","PFGVZ7","CHIKUNGUNYA","Undetermined",0,"53174704-A",2024-06-10
"12547","S1","PFGVZ7","CHIKUNGUNYA","Undetermined",0,"53174704-A",2024-06-10
"12947","S2","HYDFLS","CHIKUNGUNYA","Undetermined",0,"53174705-A",2024-06-10
"13349","S2","HYDFLS","CHIKUNGUNYA","Undetermined",0,"53174705-A",2024-06-10
"13745","WC","Y7CF8H","CHIKUNGUNYA","Undetermined",0,"SR610",2024-06-10
"14168","WC","Y7CF8H","CHIKUNGUNYA","Undetermined",0,"SR610",2024-06-10
"14541","B1","W7UX3Q","CHIKUNGUNYA","Undetermined",0,"BSR- 61124",2024-06-13
"14941","B1","W7UX3Q","CHIKUNGUNYA","Undetermined",0,"BSR- 61124",2024-06-13
"15342","B2","U28C54","CHIKUNGUNYA","Undetermined",0,"SABIB- 61224",2024-06-13
"15740","B2","U28C54","CHIKUNGUNYA","Undetermined",0,"SABIB- 61224",2024-06-13
"16169","ZC","D4FJ54","CHIKUNGUNYA","Undetermined",0,"Zacat-2024-06-11",2024-06-11
"16535","ZC","D4FJ54","CHIKUNGUNYA","Undetermined",0,"Zacat-2024-06-11",2024-06-11
"16928","SL","RUZ3JG","CHIKUNGUNYA","Undetermined",0,"South-Laredo-2024-06-11",2024-06-11
"17329","SL","RUZ3JG","CHIKUNGUNYA","Undetermined",0,"South-Laredo-2024-06-11",2024-06-11
"21033","JT","YYBAEQ","DENGUE","Undetermined",0,"JT-24-06-11",2024-06-11
"6172","JT","YYBAEQ","DENGUE","Undetermined",0,"JT-24-06-11",2024-06-11
"10169","FH","CKPKYJ","DENGUE","Undetermined",0,"FH-24-06-11",2024-06-11
"14169","FH","CKPKYJ","DENGUE","Undetermined",0,"FH-24-06-11",2024-06-11
"18130","HS","TR32MD","DENGUE","Undetermined",0,"HS-24-06-11",2024-06-11
"22140","HS","TR32MD","DENGUE","Undetermined",0,"HS-24-06-11",2024-06-11
"26137","RB","Q62C6A","DENGUE","Undetermined",0,"RB-24-06-11",2024-06-11
"30136","RB","Q62C6A","DENGUE","Undetermined",0,"RB-24-06-11",2024-06-11
"34128","AS","GKHK2J","DENGUE","Undetermined",0,"AS-24-06-11",2024-06-11
"3848","AS","GKHK2J","DENGUE","Undetermined",0,"AS-24-06-11",2024-06-11
"4245","TC","G6WAT2","DENGUE","Undetermined",0,"TC-24-06-11",2024-06-11
"4631","TC","G6WAT2","DENGUE","Undetermined",0,"TC-24-06-11",2024-06-11
"5027","MC","WZGHZS","DENGUE","Undetermined",0,"MC-24-06-11",2024-06-11
"5430","MC","WZGHZS","DENGUE","Undetermined",0,"MC-24-06-11",2024-06-11
"5828","IA","ELZNY2","DENGUE","Undetermined",0,"IA-24-06-11",2024-06-11
"6230","IA","ELZNY2","DENGUE","Undetermined",0,"IA-24-06-11",2024-06-11
"6627","HO","LFX6B8","DENGUE","Undetermined",0,"HO-24-06-11",2024-06-11
"7026","HO","LFX6B8","DENGUE","Undetermined",0,"HO-24-06-11",2024-06-11
"7430","LB","U4DCHH","DENGUE","Undetermined",0,"LB_TX1-24-06-12",2024-06-12
"7828","LB","U4DCHH","DENGUE","Undetermined",0,"LB_TX1-24-06-12",2024-06-12
"8231","WF","WUCJ2Z","DENGUE","Undetermined",0,"Wichita Falls-24-06-12",2024-06-12
"8629","WF","WUCJ2Z","DENGUE","Undetermined",0,"Wichita Falls-24-06-12",2024-06-12
"9025","BC","W6L6HC","DENGUE","Undetermined",0,"BTC-2024-06-10",2024-06-10
"9428","BC","W6L6HC","DENGUE","Undetermined",0,"BTC-2024-06-10",2024-06-10
"9826","BW","TW4ZM8","DENGUE","Undetermined",0,"BTW-2024-06-10",2024-06-10
"10229","BW","TW4ZM8","DENGUE","Undetermined",0,"BTW-2024-06-10",2024-06-10
"10626","HW","WMJ5WK","DENGUE","Undetermined",0,"HW-2024-06-10",2024-06-10
"11043","HW","WMJ5WK","DENGUE","Undetermined",0,"HW-2024-06-10",2024-06-10
"11430","FR","SDWBMN","DENGUE","Undetermined",0,"Fon-2024-06-10",2024-06-10
"11828","FR","SDWBMN","DENGUE","Undetermined",0,"Fon-2024-06-10",2024-06-10
"12230","S1","PFGVZ7","DENGUE","Undetermined",0,"53174704-A",2024-06-10
"12628","S1","PFGVZ7","DENGUE","Undetermined",0,"53174704-A",2024-06-10
"13026","S2","HYDFLS","DENGUE","Undetermined",0,"53174705-A",2024-06-10
"13429","S2","HYDFLS","DENGUE","Undetermined",0,"53174705-A",2024-06-10
"13826","WC","Y7CF8H","DENGUE","Undetermined",0,"SR610",2024-06-10
"14228","WC","Y7CF8H","DENGUE","Undetermined",0,"SR610",2024-06-10
"14624","B1","W7UX3Q","DENGUE","Undetermined",0,"BSR- 61124",2024-06-13
"15022","B1","W7UX3Q","DENGUE","Undetermined",0,"BSR- 61124",2024-06-13
"15425","B2","U28C54","DENGUE","Undetermined",0,"SABIB- 61224",2024-06-13
"15823","B2","U28C54","DENGUE","Undetermined",0,"SABIB- 61224",2024-06-13
"16227","ZC","D4FJ54","DENGUE","Undetermined",0,"Zacat-2024-06-11",2024-06-11
"16625","ZC","D4FJ54","DENGUE","Undetermined",0,"Zacat-2024-06-11",2024-06-11
"17021","SL","RUZ3JG","DENGUE","Undetermined",0,"South-Laredo-2024-06-11",2024-06-11
"17422","SL","RUZ3JG","DENGUE","Undetermined",0,"South-Laredo-2024-06-11",2024-06-11
"19325","JT","YYBAEQ","ENTERO","Undetermined",0,"JT-24-06-11",2024-06-11
"19721","JT","YYBAEQ","ENTERO","Undetermined",0,"JT-24-06-11",2024-06-11
"20150","FH","CKPKYJ","ENTERO","Undetermined",0,"FH-24-06-11",2024-06-11
"20519","FH","CKPKYJ","ENTERO","Undetermined",0,"FH-24-06-11",2024-06-11
"20918","HS","TR32MD","ENTERO","Undetermined",0,"HS-24-06-11",2024-06-11
"21323","HS","TR32MD","ENTERO","Undetermined",0,"HS-24-06-11",2024-06-11
"21719","RB","Q62C6A","ENTERO","Undetermined",0,"RB-24-06-11",2024-06-11
"22141","RB","Q62C6A","ENTERO","Undetermined",0,"RB-24-06-11",2024-06-11
"22518","AS","GKHK2J","ENTERO","Undetermined",0,"AS-24-06-11",2024-06-11
"22918","AS","GKHK2J","ENTERO","Undetermined",0,"AS-24-06-11",2024-06-11
"23322","TC","G6WAT2","ENTERO","Undetermined",0,"TC-24-06-11",2024-06-11
"23718","TC","G6WAT2","ENTERO","Undetermined",0,"TC-24-06-11",2024-06-11
"24153","MC","WZGHZS","ENTERO","Undetermined",0,"MC-24-06-11",2024-06-11
"24519","MC","WZGHZS","ENTERO","Undetermined",0,"MC-24-06-11",2024-06-11
"24918","IA","ELZNY2","ENTERO","Undetermined",0,"IA-24-06-11",2024-06-11
"25322","IA","ELZNY2","ENTERO","Undetermined",0,"IA-24-06-11",2024-06-11
"25718","HO","LFX6B8","ENTERO","Undetermined",0,"HO-24-06-11",2024-06-11
"26138","HO","LFX6B8","ENTERO","Undetermined",0,"HO-24-06-11",2024-06-11
"26519","LB","U4DCHH","ENTERO","Undetermined",0,"LB_TX1-24-06-12",2024-06-12
"26918","LB","U4DCHH","ENTERO","Undetermined",0,"LB_TX1-24-06-12",2024-06-12
"27322","WF","WUCJ2Z","ENTERO","Undetermined",0,"Wichita Falls-24-06-12",2024-06-12
"27718","WF","WUCJ2Z","ENTERO","Undetermined",0,"Wichita Falls-24-06-12",2024-06-12
"28153","BC","W6L6HC","ENTERO","Undetermined",0,"BTC-2024-06-10",2024-06-10
"28519","BC","W6L6HC","ENTERO","Undetermined",0,"BTC-2024-06-10",2024-06-10
"28917","BW","TW4ZM8","ENTERO","Undetermined",0,"BTW-2024-06-10",2024-06-10
"29321","BW","TW4ZM8","ENTERO","Undetermined",0,"BTW-2024-06-10",2024-06-10
"29717","HW","WMJ5WK","ENTERO","Undetermined",0,"HW-2024-06-10",2024-06-10
"30137","HW","WMJ5WK","ENTERO","Undetermined",0,"HW-2024-06-10",2024-06-10
"30516","FR","SDWBMN","ENTERO","Undetermined",0,"Fon-2024-06-10",2024-06-10
"30915","FR","SDWBMN","ENTERO","Undetermined",0,"Fon-2024-06-10",2024-06-10
"31319","S1","PFGVZ7","ENTERO","Undetermined",0,"53174704-A",2024-06-10
"31717","S1","PFGVZ7","ENTERO","Undetermined",0,"53174704-A",2024-06-10
"32151","S2","HYDFLS","ENTERO","Undetermined",0,"53174705-A",2024-06-10
"32515","S2","HYDFLS","ENTERO","Undetermined",0,"53174705-A",2024-06-10
"32914","WC","Y7CF8H","ENTERO","Undetermined",0,"SR610",2024-06-10
"33318","WC","Y7CF8H","ENTERO","Undetermined",0,"SR610",2024-06-10
"33714","B1","W7UX3Q","ENTERO","Undetermined",0,"BSR- 61124",2024-06-13
"34129","B1","W7UX3Q","ENTERO","Undetermined",0,"BSR- 61124",2024-06-13
"34513","B2","U28C54","ENTERO","Undetermined",0,"SABIB- 61224",2024-06-13
"34913","B2","U28C54","ENTERO","Undetermined",0,"SABIB- 61224",2024-06-13
"35312","ZC","D4FJ54","ENTERO","Undetermined",0,"Zacat-2024-06-11",2024-06-11
"35711","ZC","D4FJ54","ENTERO","Undetermined",0,"Zacat-2024-06-11",2024-06-11
"36112","SL","RUZ3JG","ENTERO","Undetermined",0,"South-Laredo-2024-06-11",2024-06-11
"36512","SL","RUZ3JG","ENTERO","Undetermined",0,"South-Laredo-2024-06-11",2024-06-11
"19422","JT","YYBAEQ","NOROVIRUS","38.037",9833.58,"JT-24-06-11",2024-06-11
"19820","JT","YYBAEQ","NOROVIRUS","Undetermined",0,"JT-24-06-11",2024-06-11
"20222","FH","CKPKYJ","NOROVIRUS","31.171",1133583.247,"FH-24-06-11",2024-06-11
"20618","FH","CKPKYJ","NOROVIRUS","30.79",1475053.504,"FH-24-06-11",2024-06-11
"21034","HS","TR32MD","NOROVIRUS","36.932",21109.767,"HS-24-06-11",2024-06-11
"21421","HS","TR32MD","NOROVIRUS","Undetermined",0,"HS-24-06-11",2024-06-11
"21819","RB","Q62C6A","NOROVIRUS","33.361",249428.406,"RB-24-06-11",2024-06-11
"22222","RB","Q62C6A","NOROVIRUS","33.078",303361.824,"RB-24-06-11",2024-06-11
"22618","AS","GKHK2J","NOROVIRUS","34.628",103813.832,"AS-24-06-11",2024-06-11
"23018","AS","GKHK2J","NOROVIRUS","35.84",44913.96,"AS-24-06-11",2024-06-11
"23420","TC","G6WAT2","NOROVIRUS","35.017",79368.581,"TC-24-06-11",2024-06-11
"23818","TC","G6WAT2","NOROVIRUS","37.974",10271.423,"TC-24-06-11",2024-06-11
"24223","MC","WZGHZS","NOROVIRUS","Undetermined",0,"MC-24-06-11",2024-06-11
"24619","MC","WZGHZS","NOROVIRUS","Undetermined",0,"MC-24-06-11",2024-06-11
"25018","IA","ELZNY2","NOROVIRUS","32.806",365883.065,"IA-24-06-11",2024-06-11
"25421","IA","ELZNY2","NOROVIRUS","33.416",240137.19,"IA-24-06-11",2024-06-11
"25818","HO","LFX6B8","NOROVIRUS","33.257",267952.012,"HO-24-06-11",2024-06-11
"26222","HO","LFX6B8","NOROVIRUS","33.459",233021.698,"HO-24-06-11",2024-06-11
"26618","LB","U4DCHH","NOROVIRUS","Undetermined",0,"LB_TX1-24-06-12",2024-06-12
"27018","LB","U4DCHH","NOROVIRUS","Undetermined",0,"LB_TX1-24-06-12",2024-06-12
"27420","WF","WUCJ2Z","NOROVIRUS","41.051",1223.084,"Wichita Falls-24-06-12",2024-06-12
"27818","WF","WUCJ2Z","NOROVIRUS","35.173",71228.142,"Wichita Falls-24-06-12",2024-06-12
"28223","BC","W6L6HC","NOROVIRUS","36.859",22201.143,"BTC-2024-06-10",2024-06-10
"28619","BC","W6L6HC","NOROVIRUS","34.491",114184.347,"BTC-2024-06-10",2024-06-10
"29017","BW","TW4ZM8","NOROVIRUS","41.541",871.524,"BTW-2024-06-10",2024-06-10
"29420","BW","TW4ZM8","NOROVIRUS","40.214",2182.669,"BTW-2024-06-10",2024-06-10
"29817","HW","WMJ5WK","NOROVIRUS","33.845",178484.524,"HW-2024-06-10",2024-06-10
"30221","HW","WMJ5WK","NOROVIRUS","37.273",16676.737,"HW-2024-06-10",2024-06-10
"30615","FR","SDWBMN","NOROVIRUS","Undetermined",0,"Fon-2024-06-10",2024-06-10
"31020","FR","SDWBMN","NOROVIRUS","Undetermined",0,"Fon-2024-06-10",2024-06-10
"31418","S1","PFGVZ7","NOROVIRUS","32.908",341107.963,"53174704-A",2024-06-10
"31816","S1","PFGVZ7","NOROVIRUS","33.315",257507.425,"53174704-A",2024-06-10
"32219","S2","HYDFLS","NOROVIRUS","32.949",331481.599,"53174705-A",2024-06-10
"32615","S2","HYDFLS","NOROVIRUS","33.814",182276.086,"53174705-A",2024-06-10
"33014","WC","Y7CF8H","NOROVIRUS","34.379",123319,"SR610",2024-06-10
"33417","WC","Y7CF8H","NOROVIRUS","34.019",158218.85,"SR610",2024-06-10
"33813","B1","W7UX3Q","NOROVIRUS","34.719",97523.229,"BSR- 61124",2024-06-13
"34217","B1","W7UX3Q","NOROVIRUS","35.263",66930.58,"BSR- 61124",2024-06-13
"34613","B2","U28C54","NOROVIRUS","31.923",673996.472,"SABIB- 61224",2024-06-13
"35013","B2","U28C54","NOROVIRUS","31.905",682249.001,"SABIB- 61224",2024-06-13
"35412","ZC","D4FJ54","NOROVIRUS","Undetermined",0,"Zacat-2024-06-11",2024-06-11
"35811","ZC","D4FJ54","NOROVIRUS","Undetermined",0,"Zacat-2024-06-11",2024-06-11
"36212","SL","RUZ3JG","NOROVIRUS","Undetermined",0,"South-Laredo-2024-06-11",2024-06-11
"36611","SL","RUZ3JG","NOROVIRUS","Undetermined",0,"South-Laredo-2024-06-11",2024-06-11
"4204","JT","YYBAEQ","RSVA","Undetermined",0,"JT-24-06-11",2024-06-11
"8193","JT","YYBAEQ","RSVA","Undetermined",0,"JT-24-06-11",2024-06-11
"12192","FH","CKPKYJ","RSVA","Undetermined",0,"FH-24-06-11",2024-06-11
"16170","FH","CKPKYJ","RSVA","Undetermined",0,"FH-24-06-11",2024-06-11
"20151","HS","TR32MD","RSVA","Undetermined",0,"HS-24-06-11",2024-06-11
"24154","HS","TR32MD","RSVA","Undetermined",0,"HS-24-06-11",2024-06-11
"28154","RB","Q62C6A","RSVA","Undetermined",0,"RB-24-06-11",2024-06-11
"32152","RB","Q62C6A","RSVA","Undetermined",0,"RB-24-06-11",2024-06-11
"3683","AS","GKHK2J","RSVA","Undetermined",0,"AS-24-06-11",2024-06-11
"4066","AS","GKHK2J","RSVA","Undetermined",0,"AS-24-06-11",2024-06-11
"4455","TC","G6WAT2","RSVA","Undetermined",0,"TC-24-06-11",2024-06-11
"4850","TC","G6WAT2","RSVA","Undetermined",0,"TC-24-06-11",2024-06-11
"5252","MC","WZGHZS","RSVA","Undetermined",0,"MC-24-06-11",2024-06-11
"5649","MC","WZGHZS","RSVA","Undetermined",0,"MC-24-06-11",2024-06-11
"6049","IA","ELZNY2","RSVA","Undetermined",0,"IA-24-06-11",2024-06-11
"6449","IA","ELZNY2","RSVA","Undetermined",0,"IA-24-06-11",2024-06-11
"6849","HO","LFX6B8","RSVA","Undetermined",0,"HO-24-06-11",2024-06-11
"7252","HO","LFX6B8","RSVA","Undetermined",0,"HO-24-06-11",2024-06-11
"7649","LB","U4DCHH","RSVA","Undetermined",0,"LB_TX1-24-06-12",2024-06-12
"8049","LB","U4DCHH","RSVA","Undetermined",0,"LB_TX1-24-06-12",2024-06-12
"8449","WF","WUCJ2Z","RSVA","Undetermined",0,"Wichita Falls-24-06-12",2024-06-12
"8849","WF","WUCJ2Z","RSVA","Undetermined",0,"Wichita Falls-24-06-12",2024-06-12
"9250","BC","W6L6HC","RSVA","Undetermined",0,"BTC-2024-06-10",2024-06-10
"9646","BC","W6L6HC","RSVA","Undetermined",0,"BTC-2024-06-10",2024-06-10
"10046","BW","TW4ZM8","RSVA","Undetermined",0,"BTW-2024-06-10",2024-06-10
"10446","BW","TW4ZM8","RSVA","Undetermined",0,"BTW-2024-06-10",2024-06-10
"10847","HW","WMJ5WK","RSVA","Undetermined",0,"HW-2024-06-10",2024-06-10
"11251","HW","WMJ5WK","RSVA","Undetermined",0,"HW-2024-06-10",2024-06-10
"11647","FR","SDWBMN","RSVA","Undetermined",0,"Fon-2024-06-10",2024-06-10
"12047","FR","SDWBMN","RSVA","Undetermined",0,"Fon-2024-06-10",2024-06-10
"12447","S1","PFGVZ7","RSVA","Undetermined",0,"53174704-A",2024-06-10
"12847","S1","PFGVZ7","RSVA","Undetermined",0,"53174704-A",2024-06-10
"13250","S2","HYDFLS","RSVA","Undetermined",0,"53174705-A",2024-06-10
"13647","S2","HYDFLS","RSVA","Undetermined",0,"53174705-A",2024-06-10
"14045","WC","Y7CF8H","RSVA","Undetermined",0,"SR610",2024-06-10
"14445","WC","Y7CF8H","RSVA","Undetermined",0,"SR610",2024-06-10
"14841","B1","W7UX3Q","RSVA","Undetermined",0,"BSR- 61124",2024-06-13
"15245","B1","W7UX3Q","RSVA","Undetermined",0,"BSR- 61124",2024-06-13
"15640","B2","U28C54","RSVA","Undetermined",0,"SABIB- 61224",2024-06-13
"16040","B2","U28C54","RSVA","Undetermined",0,"SABIB- 61224",2024-06-13
"16435","ZC","D4FJ54","RSVA","Undetermined",0,"Zacat-2024-06-11",2024-06-11
"16834","ZC","D4FJ54","RSVA","Undetermined",0,"Zacat-2024-06-11",2024-06-11
"17228","SL","RUZ3JG","RSVA","Undetermined",0,"South-Laredo-2024-06-11",2024-06-11
"17625","SL","RUZ3JG","RSVA","Undetermined",0,"South-Laredo-2024-06-11",2024-06-11
"19622","JT","YYBAEQ","RSVB","Undetermined",0,"JT-24-06-11",2024-06-11
"20021","JT","YYBAEQ","RSVB","Undetermined",0,"JT-24-06-11",2024-06-11
"20420","FH","CKPKYJ","RSVB","Undetermined",0,"FH-24-06-11",2024-06-11
"20817","FH","CKPKYJ","RSVB","Undetermined",0,"FH-24-06-11",2024-06-11
"21224","HS","TR32MD","RSVB","Undetermined",0,"HS-24-06-11",2024-06-11
"21620","HS","TR32MD","RSVB","Undetermined",0,"HS-24-06-11",2024-06-11
"22018","RB","Q62C6A","RSVB","Undetermined",0,"RB-24-06-11",2024-06-11
"22419","RB","Q62C6A","RSVB","Undetermined",0,"RB-24-06-11",2024-06-11
"22818","AS","GKHK2J","RSVB","Undetermined",0,"AS-24-06-11",2024-06-11
"23223","AS","GKHK2J","RSVB","Undetermined",0,"AS-24-06-11",2024-06-11
"23619","TC","G6WAT2","RSVB","Undetermined",0,"TC-24-06-11",2024-06-11
"24018","TC","G6WAT2","RSVB","Undetermined",0,"TC-24-06-11",2024-06-11
"24420","MC","WZGHZS","RSVB","Undetermined",0,"MC-24-06-11",2024-06-11
"24818","MC","WZGHZS","RSVB","Undetermined",0,"MC-24-06-11",2024-06-11
"25223","IA","ELZNY2","RSVB","Undetermined",0,"IA-24-06-11",2024-06-11
"25619","IA","ELZNY2","RSVB","Undetermined",0,"IA-24-06-11",2024-06-11
"26018","HO","LFX6B8","RSVB","Undetermined",0,"HO-24-06-11",2024-06-11
"26419","HO","LFX6B8","RSVB","Undetermined",0,"HO-24-06-11",2024-06-11
"26818","LB","U4DCHH","RSVB","Undetermined",0,"LB_TX1-24-06-12",2024-06-12
"27223","LB","U4DCHH","RSVB","Undetermined",0,"LB_TX1-24-06-12",2024-06-12
"27619","WF","WUCJ2Z","RSVB","Undetermined",0,"Wichita Falls-24-06-12",2024-06-12
"28018","WF","WUCJ2Z","RSVB","Undetermined",0,"Wichita Falls-24-06-12",2024-06-12
"28421","BC","W6L6HC","RSVB","Undetermined",0,"BTC-2024-06-10",2024-06-10
"28818","BC","W6L6HC","RSVB","Undetermined",0,"BTC-2024-06-10",2024-06-10
"29222","BW","TW4ZM8","RSVB","Undetermined",0,"BTW-2024-06-10",2024-06-10
"29618","BW","TW4ZM8","RSVB","Undetermined",0,"BTW-2024-06-10",2024-06-10
"30017","HW","WMJ5WK","RSVB","Undetermined",0,"HW-2024-06-10",2024-06-10
"30418","HW","WMJ5WK","RSVB","Undetermined",0,"HW-2024-06-10",2024-06-10
"30815","FR","SDWBMN","RSVB","Undetermined",0,"Fon-2024-06-10",2024-06-10
"31220","FR","SDWBMN","RSVB","Undetermined",0,"Fon-2024-06-10",2024-06-10
"31617","S1","PFGVZ7","RSVB","Undetermined",0,"53174704-A",2024-06-10
"32015","S1","PFGVZ7","RSVB","Undetermined",0,"53174704-A",2024-06-10
"32417","S2","HYDFLS","RSVB","Undetermined",0,"53174705-A",2024-06-10
"32814","S2","HYDFLS","RSVB","Undetermined",0,"53174705-A",2024-06-10
"33219","WC","Y7CF8H","RSVB","Undetermined",0,"SR610",2024-06-10
"33615","WC","Y7CF8H","RSVB","Undetermined",0,"SR610",2024-06-10
"34013","B1","W7UX3Q","RSVB","Undetermined",0,"BSR- 61124",2024-06-13
"34414","B1","W7UX3Q","RSVB","Undetermined",0,"BSR- 61124",2024-06-13
"34813","B2","U28C54","RSVB","Undetermined",0,"SABIB- 61224",2024-06-13
"35218","B2","U28C54","RSVB","Undetermined",0,"SABIB- 61224",2024-06-13
"35612","ZC","D4FJ54","RSVB","Undetermined",0,"Zacat-2024-06-11",2024-06-11
"3609","ZC","D4FJ54","RSVB","Undetermined",0,"Zacat-2024-06-11",2024-06-11
"36412","SL","RUZ3JG","RSVB","Undetermined",0,"South-Laredo-2024-06-11",2024-06-11
"3684","SL","RUZ3JG","RSVB","Undetermined",0,"South-Laredo-2024-06-11",2024-06-11
"3685","JT","YYBAEQ","WESTNILE","Undetermined",0,"JT-24-06-11",2024-06-11
"7190","JT","YYBAEQ","WESTNILE","Undetermined",0,"JT-24-06-11",2024-06-11
"11194","FH","CKPKYJ","WESTNILE","Undetermined",0,"FH-24-06-11",2024-06-11
"15182","FH","CKPKYJ","WESTNILE","Undetermined",0,"FH-24-06-11",2024-06-11
"19155","HS","TR32MD","WESTNILE","Undetermined",0,"HS-24-06-11",2024-06-11
"23153","HS","TR32MD","WESTNILE","Undetermined",0,"HS-24-06-11",2024-06-11
"27154","RB","Q62C6A","WESTNILE","Undetermined",0,"RB-24-06-11",2024-06-11
"31155","RB","Q62C6A","WESTNILE","Undetermined",0,"RB-24-06-11",2024-06-11
"35106","AS","GKHK2J","WESTNILE","Undetermined",0,"AS-24-06-11",2024-06-11
"3966","AS","GKHK2J","WESTNILE","Undetermined",0,"AS-24-06-11",2024-06-11
"4356","TC","G6WAT2","WESTNILE","Undetermined",0,"TC-24-06-11",2024-06-11
"4749","TC","G6WAT2","WESTNILE","Undetermined",0,"TC-24-06-11",2024-06-11
"5190","MC","WZGHZS","WESTNILE","Undetermined",0,"MC-24-06-11",2024-06-11
"5549","MC","WZGHZS","WESTNILE","Undetermined",0,"MC-24-06-11",2024-06-11
"5949","IA","ELZNY2","WESTNILE","Undetermined",0,"IA-24-06-11",2024-06-11
"6349","IA","ELZNY2","WESTNILE","Undetermined",0,"IA-24-06-11",2024-06-11
"6749","HO","LFX6B8","WESTNILE","Undetermined",0,"HO-24-06-11",2024-06-11
"7191","HO","LFX6B8","WESTNILE","Undetermined",0,"HO-24-06-11",2024-06-11
"7549","LB","U4DCHH","WESTNILE","Undetermined",0,"LB_TX1-24-06-12",2024-06-12
"7949","LB","U4DCHH","WESTNILE","Undetermined",0,"LB_TX1-24-06-12",2024-06-12
"8349","WF","WUCJ2Z","WESTNILE","Undetermined",0,"Wichita Falls-24-06-12",2024-06-12
"8749","WF","WUCJ2Z","WESTNILE","Undetermined",0,"Wichita Falls-24-06-12",2024-06-12
"9187","BC","W6L6HC","WESTNILE","Undetermined",0,"BTC-2024-06-10",2024-06-10
"9546","BC","W6L6HC","WESTNILE","Undetermined",0,"BTC-2024-06-10",2024-06-10
"9946","BW","TW4ZM8","WESTNILE","Undetermined",0,"BTW-2024-06-10",2024-06-10
"10346","BW","TW4ZM8","WESTNILE","Undetermined",0,"BTW-2024-06-10",2024-06-10
"10747","HW","WMJ5WK","WESTNILE","Undetermined",0,"HW-2024-06-10",2024-06-10
"11195","HW","WMJ5WK","WESTNILE","Undetermined",0,"HW-2024-06-10",2024-06-10
"11547","FR","SDWBMN","WESTNILE","Undetermined",0,"Fon-2024-06-10",2024-06-10
"11947","FR","SDWBMN","WESTNILE","Undetermined",0,"Fon-2024-06-10",2024-06-10
"12348","S1","PFGVZ7","WESTNILE","Undetermined",0,"53174704-A",2024-06-10
"12747","S1","PFGVZ7","WESTNILE","Undetermined",0,"53174704-A",2024-06-10
"13189","S2","HYDFLS","WESTNILE","Undetermined",0,"53174705-A",2024-06-10
"13547","S2","HYDFLS","WESTNILE","Undetermined",0,"53174705-A",2024-06-10
"13945","WC","Y7CF8H","WESTNILE","Undetermined",0,"SR610",2024-06-10
"14345","WC","Y7CF8H","WESTNILE","Undetermined",0,"SR610",2024-06-10
"14741","B1","W7UX3Q","WESTNILE","Undetermined",0,"BSR- 61124",2024-06-13
"15183","B1","W7UX3Q","WESTNILE","Undetermined",0,"BSR- 61124",2024-06-13
"15540","B2","U28C54","WESTNILE","Undetermined",0,"SABIB- 61224",2024-06-13
"15940","B2","U28C54","WESTNILE","Undetermined",0,"SABIB- 61224",2024-06-13
"16335","ZC","D4FJ54","WESTNILE","Undetermined",0,"Zacat-2024-06-11",2024-06-11
"16734","ZC","D4FJ54","WESTNILE","Undetermined",0,"Zacat-2024-06-11",2024-06-11
"17144","SL","RUZ3JG","WESTNILE","Undetermined",0,"South-Laredo-2024-06-11",2024-06-11
"17527","SL","RUZ3JG","WESTNILE","Undetermined",0,"South-Laredo-2024-06-11",2024-06-11
"19522","JT","YYBAEQ","ZIKA","Undetermined",0,"JT-24-06-11",2024-06-11
"19921","JT","YYBAEQ","ZIKA","Undetermined",0,"JT-24-06-11",2024-06-11
"20321","FH","CKPKYJ","ZIKA","Undetermined",0,"FH-24-06-11",2024-06-11
"20718","FH","CKPKYJ","ZIKA","Undetermined",0,"FH-24-06-11",2024-06-11
"21157","HS","TR32MD","ZIKA","Undetermined",0,"HS-24-06-11",2024-06-11
"21521","HS","TR32MD","ZIKA","Undetermined",0,"HS-24-06-11",2024-06-11
"21919","RB","Q62C6A","ZIKA","Undetermined",0,"RB-24-06-11",2024-06-11
"22320","RB","Q62C6A","ZIKA","Undetermined",0,"RB-24-06-11",2024-06-11
"22718","AS","GKHK2J","ZIKA","Undetermined",0,"AS-24-06-11",2024-06-11
"23154","AS","GKHK2J","ZIKA","Undetermined",0,"AS-24-06-11",2024-06-11
"23519","TC","G6WAT2","ZIKA","Undetermined",0,"TC-24-06-11",2024-06-11
"23918","TC","G6WAT2","ZIKA","Undetermined",0,"TC-24-06-11",2024-06-11
"24322","MC","WZGHZS","ZIKA","Undetermined",0,"MC-24-06-11",2024-06-11
"24718","MC","WZGHZS","ZIKA","Undetermined",0,"MC-24-06-11",2024-06-11
"25154","IA","ELZNY2","ZIKA","Undetermined",0,"IA-24-06-11",2024-06-11
"25520","IA","ELZNY2","ZIKA","Undetermined",0,"IA-24-06-11",2024-06-11
"25918","HO","LFX6B8","ZIKA","Undetermined",0,"HO-24-06-11",2024-06-11
"26320","HO","LFX6B8","ZIKA","Undetermined",0,"HO-24-06-11",2024-06-11
"26718","LB","U4DCHH","ZIKA","Undetermined",0,"LB_TX1-24-06-12",2024-06-12
"27155","LB","U4DCHH","ZIKA","Undetermined",0,"LB_TX1-24-06-12",2024-06-12
"27520","WF","WUCJ2Z","ZIKA","Undetermined",0,"Wichita Falls-24-06-12",2024-06-12
"27918","WF","WUCJ2Z","ZIKA","Undetermined",0,"Wichita Falls-24-06-12",2024-06-12
"28322","BC","W6L6HC","ZIKA","Undetermined",0,"BTC-2024-06-10",2024-06-10
"28719","BC","W6L6HC","ZIKA","Undetermined",0,"BTC-2024-06-10",2024-06-10
"29153","BW","TW4ZM8","ZIKA","Undetermined",0,"BTW-2024-06-10",2024-06-10
"29519","BW","TW4ZM8","ZIKA","Undetermined",0,"BTW-2024-06-10",2024-06-10
"29917","HW","WMJ5WK","ZIKA","Undetermined",0,"HW-2024-06-10",2024-06-10
"30319","HW","WMJ5WK","ZIKA","Undetermined",0,"HW-2024-06-10",2024-06-10
"30715","FR","SDWBMN","ZIKA","Undetermined",0,"Fon-2024-06-10",2024-06-10
"31156","FR","SDWBMN","ZIKA","Undetermined",0,"Fon-2024-06-10",2024-06-10
"31518","S1","PFGVZ7","ZIKA","Undetermined",0,"53174704-A",2024-06-10
"31916","S1","PFGVZ7","ZIKA","Undetermined",0,"53174704-A",2024-06-10
"32318","S2","HYDFLS","ZIKA","Undetermined",0,"53174705-A",2024-06-10
"32715","S2","HYDFLS","ZIKA","Undetermined",0,"53174705-A",2024-06-10
"33148","WC","Y7CF8H","ZIKA","Undetermined",0,"SR610",2024-06-10
"33516","WC","Y7CF8H","ZIKA","Undetermined",0,"SR610",2024-06-10
"33913","B1","W7UX3Q","ZIKA","Undetermined",0,"BSR- 61124",2024-06-13
"34315","B1","W7UX3Q","ZIKA","Undetermined",0,"BSR- 61124",2024-06-13
"34713","B2","U28C54","ZIKA","Undetermined",0,"SABIB- 61224",2024-06-13
"35120","B2","U28C54","ZIKA","Undetermined",0,"SABIB- 61224",2024-06-13
"35512","ZC","D4FJ54","ZIKA","Undetermined",0,"Zacat-2024-06-11",2024-06-11
"35911","ZC","D4FJ54","ZIKA","Undetermined",0,"Zacat-2024-06-11",2024-06-11
"36312","SL","RUZ3JG","ZIKA","Undetermined",0,"South-Laredo-2024-06-11",2024-06-11
"36710","SL","RUZ3JG","ZIKA","Undetermined",0,"South-Laredo-2024-06-11",2024-06-11
"11044","JT","YYBAEQ","MONKEYPOX","Undetermined",0,"JT-24-06-11",2024-06-11
"21035","JT","YYBAEQ","MONKEYPOX","Undetermined",0,"JT-24-06-11",2024-06-11
"3686","FH","CKPKYJ","MONKEYPOX","Undetermined",0,"FH-24-06-11",2024-06-11
"4205","FH","CKPKYJ","MONKEYPOX","Undetermined",0,"FH-24-06-11",2024-06-11
"5191","HS","TR32MD","MONKEYPOX","Undetermined",0,"HS-24-06-11",2024-06-11
"6173","HS","TR32MD","MONKEYPOX","Undetermined",0,"HS-24-06-11",2024-06-11
"7192","RB","Q62C6A","MONKEYPOX","Undetermined",0,"RB-24-06-11",2024-06-11
"8194","RB","Q62C6A","MONKEYPOX","Undetermined",0,"RB-24-06-11",2024-06-11
"9188","AS","GKHK2J","MONKEYPOX","Undetermined",0,"AS-24-06-11",2024-06-11
"10170","AS","GKHK2J","MONKEYPOX","Undetermined",0,"AS-24-06-11",2024-06-11
"11196","TC","G6WAT2","MONKEYPOX","Undetermined",0,"TC-24-06-11",2024-06-11
"12193","TC","G6WAT2","MONKEYPOX","Undetermined",0,"TC-24-06-11",2024-06-11
"13190","MC","WZGHZS","MONKEYPOX","37.107",932.695,"MC-24-06-11",2024-06-11
"14170","MC","WZGHZS","MONKEYPOX","Undetermined",0,"MC-24-06-11",2024-06-11
"15184","IA","ELZNY2","MONKEYPOX","Undetermined",0,"IA-24-06-11",2024-06-11
"16171","IA","ELZNY2","MONKEYPOX","37.068",959.823,"IA-24-06-11",2024-06-11
"17145","HO","LFX6B8","MONKEYPOX","Undetermined",0,"HO-24-06-11",2024-06-11
"18131","HO","LFX6B8","MONKEYPOX","Undetermined",0,"HO-24-06-11",2024-06-11
"19156","LB","U4DCHH","MONKEYPOX","Undetermined",0,"LB_TX1-24-06-12",2024-06-12
"20152","LB","U4DCHH","MONKEYPOX","Undetermined",0,"LB_TX1-24-06-12",2024-06-12
"21158","WF","WUCJ2Z","MONKEYPOX","Undetermined",0,"Wichita Falls-24-06-12",2024-06-12
"22142","WF","WUCJ2Z","MONKEYPOX","Undetermined",0,"Wichita Falls-24-06-12",2024-06-12
"23155","BC","W6L6HC","MONKEYPOX","Undetermined",0,"BTC-2024-06-10",2024-06-10
"24155","BC","W6L6HC","MONKEYPOX","Undetermined",0,"BTC-2024-06-10",2024-06-10
"25155","BW","TW4ZM8","MONKEYPOX","Undetermined",0,"BTW-2024-06-10",2024-06-10
"26139","BW","TW4ZM8","MONKEYPOX","Undetermined",0,"BTW-2024-06-10",2024-06-10
"27156","HW","WMJ5WK","MONKEYPOX","Undetermined",0,"HW-2024-06-10",2024-06-10
"28155","HW","WMJ5WK","MONKEYPOX","Undetermined",0,"HW-2024-06-10",2024-06-10
"29154","FR","SDWBMN","MONKEYPOX","Undetermined",0,"Fon-2024-06-10",2024-06-10
"30138","FR","SDWBMN","MONKEYPOX","Undetermined",0,"Fon-2024-06-10",2024-06-10
"31157","S1","PFGVZ7","MONKEYPOX","36.117",1946.506,"53174704-A",2024-06-10
"32153","S1","PFGVZ7","MONKEYPOX","Undetermined",0,"53174704-A",2024-06-10
"33149","S2","HYDFLS","MONKEYPOX","36.199",1831.488,"53174705-A",2024-06-10
"34130","S2","HYDFLS","MONKEYPOX","35.418",3271.202,"53174705-A",2024-06-10
"35107","WC","Y7CF8H","MONKEYPOX","37.276",822.605,"SR610",2024-06-10
"3687","WC","Y7CF8H","MONKEYPOX","34.911",4765.701,"SR610",2024-06-10
"3771","B1","W7UX3Q","MONKEYPOX","Undetermined",0,"BSR- 61124",2024-06-13
"3849","B1","W7UX3Q","MONKEYPOX","Undetermined",0,"BSR- 61124",2024-06-13
"3967","B2","U28C54","MONKEYPOX","Undetermined",0,"SABIB- 61224",2024-06-13
"4067","B2","U28C54","MONKEYPOX","Undetermined",0,"SABIB- 61224",2024-06-13
"41104","ZC","D4FJ54","MONKEYPOX","Undetermined",0,"Zacat-2024-06-11",2024-06-11
"4246","ZC","D4FJ54","MONKEYPOX","Undetermined",0,"Zacat-2024-06-11",2024-06-11
"4357","SL","RUZ3JG","MONKEYPOX","Undetermined",0,"South-Laredo-2024-06-11",2024-06-11
"4456","SL","RUZ3JG","MONKEYPOX","Undetermined",0,"South-Laredo-2024-06-11",2024-06-11
"3688","JT","YYBAEQ","INFLUENZAA","Undetermined",0,"JT-24-06-11",2024-06-11
"7193","JT","YYBAEQ","INFLUENZAA","Undetermined",0,"JT-24-06-11",2024-06-11
"11197","FH","CKPKYJ","INFLUENZAA","Undetermined",0,"FH-24-06-11",2024-06-11
"15185","FH","CKPKYJ","INFLUENZAA","Undetermined",0,"FH-24-06-11",2024-06-11
"19157","HS","TR32MD","INFLUENZAA","Undetermined",0,"HS-24-06-11",2024-06-11
"23156","HS","TR32MD","INFLUENZAA","Undetermined",0,"HS-24-06-11",2024-06-11
"27157","RB","Q62C6A","INFLUENZAA","Undetermined",0,"RB-24-06-11",2024-06-11
"31158","RB","Q62C6A","INFLUENZAA","Undetermined",0,"RB-24-06-11",2024-06-11
"35108","AS","GKHK2J","INFLUENZAA","Undetermined",0,"AS-24-06-11",2024-06-11
"3968","AS","GKHK2J","INFLUENZAA","Undetermined",0,"AS-24-06-11",2024-06-11
"4358","TC","G6WAT2","INFLUENZAA","Undetermined",0,"TC-24-06-11",2024-06-11
"4750","TC","G6WAT2","INFLUENZAA","Undetermined",0,"TC-24-06-11",2024-06-11
"5192","MC","WZGHZS","INFLUENZAA","Undetermined",0,"MC-24-06-11",2024-06-11
"5550","MC","WZGHZS","INFLUENZAA","Undetermined",0,"MC-24-06-11",2024-06-11
"5950","IA","ELZNY2","INFLUENZAA","Undetermined",0,"IA-24-06-11",2024-06-11
"6350","IA","ELZNY2","INFLUENZAA","Undetermined",0,"IA-24-06-11",2024-06-11
"6750","HO","LFX6B8","INFLUENZAA","Undetermined",0,"HO-24-06-11",2024-06-11
"7194","HO","LFX6B8","INFLUENZAA","Undetermined",0,"HO-24-06-11",2024-06-11
"7550","LB","U4DCHH","INFLUENZAA","Undetermined",0,"LB_TX1-24-06-12",2024-06-12
"7950","LB","U4DCHH","INFLUENZAA","Undetermined",0,"LB_TX1-24-06-12",2024-06-12
"8350","WF","WUCJ2Z","INFLUENZAA","Undetermined",0,"Wichita Falls-24-06-12",2024-06-12
"8750","WF","WUCJ2Z","INFLUENZAA","Undetermined",0,"Wichita Falls-24-06-12",2024-06-12
"9189","BC","W6L6HC","INFLUENZAA","Undetermined",0,"BTC-2024-06-10",2024-06-10
"9547","BC","W6L6HC","INFLUENZAA","Undetermined",0,"BTC-2024-06-10",2024-06-10
"9947","BW","TW4ZM8","INFLUENZAA","Undetermined",0,"BTW-2024-06-10",2024-06-10
"10347","BW","TW4ZM8","INFLUENZAA","Undetermined",0,"BTW-2024-06-10",2024-06-10
"10748","HW","WMJ5WK","INFLUENZAA","Undetermined",0,"HW-2024-06-10",2024-06-10
"11198","HW","WMJ5WK","INFLUENZAA","Undetermined",0,"HW-2024-06-10",2024-06-10
"11548","FR","SDWBMN","INFLUENZAA","Undetermined",0,"Fon-2024-06-10",2024-06-10
"11948","FR","SDWBMN","INFLUENZAA","Undetermined",0,"Fon-2024-06-10",2024-06-10
"12349","S1","PFGVZ7","INFLUENZAA","Undetermined",0,"53174704-A",2024-06-10
"12748","S1","PFGVZ7","INFLUENZAA","Undetermined",0,"53174704-A",2024-06-10
"13191","S2","HYDFLS","INFLUENZAA","Undetermined",0,"53174705-A",2024-06-10
"13548","S2","HYDFLS","INFLUENZAA","Undetermined",0,"53174705-A",2024-06-10
"13946","WC","Y7CF8H","INFLUENZAA","Undetermined",0,"SR610",2024-06-10
"14346","WC","Y7CF8H","INFLUENZAA","Undetermined",0,"SR610",2024-06-10
"14742","B1","W7UX3Q","INFLUENZAA","Undetermined",0,"BSR- 61124",2024-06-13
"15186","B1","W7UX3Q","INFLUENZAA","Undetermined",0,"BSR- 61124",2024-06-13
"15541","B2","U28C54","INFLUENZAA","Undetermined",0,"SABIB- 61224",2024-06-13
"15941","B2","U28C54","INFLUENZAA","Undetermined",0,"SABIB- 61224",2024-06-13
"16336","ZC","D4FJ54","INFLUENZAA","Undetermined",0,"Zacat-2024-06-11",2024-06-11
"16735","ZC","D4FJ54","INFLUENZAA","Undetermined",0,"Zacat-2024-06-11",2024-06-11
"17146","SL","RUZ3JG","INFLUENZAA","Undetermined",0,"South-Laredo-2024-06-11",2024-06-11
"17528","SL","RUZ3JG","INFLUENZAA","Undetermined",0,"South-Laredo-2024-06-11",2024-06-11
"4206","JT","YYBAEQ","INFLUENZAB","Undetermined",0,"JT-24-06-11",2024-06-11
"8195","JT","YYBAEQ","INFLUENZAB","Undetermined",0,"JT-24-06-11",2024-06-11
"12194","FH","CKPKYJ","INFLUENZAB","Undetermined",0,"FH-24-06-11",2024-06-11
"16172","FH","CKPKYJ","INFLUENZAB","Undetermined",0,"FH-24-06-11",2024-06-11
"20153","HS","TR32MD","INFLUENZAB","Undetermined",0,"HS-24-06-11",2024-06-11
"24156","HS","TR32MD","INFLUENZAB","Undetermined",0,"HS-24-06-11",2024-06-11
"28156","RB","Q62C6A","INFLUENZAB","Undetermined",0,"RB-24-06-11",2024-06-11
"32154","RB","Q62C6A","INFLUENZAB","Undetermined",0,"RB-24-06-11",2024-06-11
"3689","AS","GKHK2J","INFLUENZAB","Undetermined",0,"AS-24-06-11",2024-06-11
"4068","AS","GKHK2J","INFLUENZAB","Undetermined",0,"AS-24-06-11",2024-06-11
"4457","TC","G6WAT2","INFLUENZAB","Undetermined",0,"TC-24-06-11",2024-06-11
"4851","TC","G6WAT2","INFLUENZAB","Undetermined",0,"TC-24-06-11",2024-06-11
"5253","MC","WZGHZS","INFLUENZAB","Undetermined",0,"MC-24-06-11",2024-06-11
"5650","MC","WZGHZS","INFLUENZAB","Undetermined",0,"MC-24-06-11",2024-06-11
"6050","IA","ELZNY2","INFLUENZAB","Undetermined",0,"IA-24-06-11",2024-06-11
"6450","IA","ELZNY2","INFLUENZAB","Undetermined",0,"IA-24-06-11",2024-06-11
"6850","HO","LFX6B8","INFLUENZAB","Undetermined",0,"HO-24-06-11",2024-06-11
"7253","HO","LFX6B8","INFLUENZAB","Undetermined",0,"HO-24-06-11",2024-06-11
"7650","LB","U4DCHH","INFLUENZAB","Undetermined",0,"LB_TX1-24-06-12",2024-06-12
"8050","LB","U4DCHH","INFLUENZAB","Undetermined",0,"LB_TX1-24-06-12",2024-06-12
"8450","WF","WUCJ2Z","INFLUENZAB","Undetermined",0,"Wichita Falls-24-06-12",2024-06-12
"8850","WF","WUCJ2Z","INFLUENZAB","Undetermined",0,"Wichita Falls-24-06-12",2024-06-12
"9251","BC","W6L6HC","INFLUENZAB","Undetermined",0,"BTC-2024-06-10",2024-06-10
"9647","BC","W6L6HC","INFLUENZAB","Undetermined",0,"BTC-2024-06-10",2024-06-10
"10047","BW","TW4ZM8","INFLUENZAB","Undetermined",0,"BTW-2024-06-10",2024-06-10
"10447","BW","TW4ZM8","INFLUENZAB","Undetermined",0,"BTW-2024-06-10",2024-06-10
"10848","HW","WMJ5WK","INFLUENZAB","Undetermined",0,"HW-2024-06-10",2024-06-10
"11252","HW","WMJ5WK","INFLUENZAB","Undetermined",0,"HW-2024-06-10",2024-06-10
"11648","FR","SDWBMN","INFLUENZAB","Undetermined",0,"Fon-2024-06-10",2024-06-10
"12048","FR","SDWBMN","INFLUENZAB","Undetermined",0,"Fon-2024-06-10",2024-06-10
"12448","S1","PFGVZ7","INFLUENZAB","Undetermined",0,"53174704-A",2024-06-10
"12848","S1","PFGVZ7","INFLUENZAB","Undetermined",0,"53174704-A",2024-06-10
"13251","S2","HYDFLS","INFLUENZAB","Undetermined",0,"53174705-A",2024-06-10
"13648","S2","HYDFLS","INFLUENZAB","Undetermined",0,"53174705-A",2024-06-10
"14046","WC","Y7CF8H","INFLUENZAB","Undetermined",0,"SR610",2024-06-10
"14446","WC","Y7CF8H","INFLUENZAB","Undetermined",0,"SR610",2024-06-10
"14842","B1","W7UX3Q","INFLUENZAB","Undetermined",0,"BSR- 61124",2024-06-13
"15246","B1","W7UX3Q","INFLUENZAB","Undetermined",0,"BSR- 61124",2024-06-13
"15641","B2","U28C54","INFLUENZAB","Undetermined",0,"SABIB- 61224",2024-06-13
"16041","B2","U28C54","INFLUENZAB","Undetermined",0,"SABIB- 61224",2024-06-13
"16436","ZC","D4FJ54","INFLUENZAB","Undetermined",0,"Zacat-2024-06-11",2024-06-11
"16835","ZC","D4FJ54","INFLUENZAB","Undetermined",0,"Zacat-2024-06-11",2024-06-11
"17229","SL","RUZ3JG","INFLUENZAB","Undetermined",0,"South-Laredo-2024-06-11",2024-06-11
"17626","SL","RUZ3JG","INFLUENZAB","Undetermined",0,"South-Laredo-2024-06-11",2024-06-11
"11045","JT","YYBAEQ","SARSCOV2N1","32.75",23729.471,"JT-24-06-11",2024-06-11
"5193","JT","YYBAEQ","SARSCOV2N1","30.595",117620.117,"JT-24-06-11",2024-06-11
"9190","FH","CKPKYJ","SARSCOV2N1","30.847",97541.917,"FH-24-06-11",2024-06-11
"13192","FH","CKPKYJ","SARSCOV2N1","30.833",98539.565,"FH-24-06-11",2024-06-11
"17147","HS","TR32MD","SARSCOV2N1","31.473",61266.567,"HS-24-06-11",2024-06-11
"21159","HS","TR32MD","SARSCOV2N1","31.39",65152.821,"HS-24-06-11",2024-06-11
"25156","RB","Q62C6A","SARSCOV2N1","29.965",187791.165,"RB-24-06-11",2024-06-11
"29155","RB","Q62C6A","SARSCOV2N1","30.273",149311.931,"RB-24-06-11",2024-06-11
"33150","AS","GKHK2J","SARSCOV2N1","32.282",33588.552,"AS-24-06-11",2024-06-11
"3772","AS","GKHK2J","SARSCOV2N1","32.626",26007.255,"AS-24-06-11",2024-06-11
"41105","TC","G6WAT2","SARSCOV2N1","30.454",130597.006,"TC-24-06-11",2024-06-11
"4552","TC","G6WAT2","SARSCOV2N1","30.911",92999.713,"TC-24-06-11",2024-06-11
"4951","MC","WZGHZS","SARSCOV2N1","31.185",75862.997,"MC-24-06-11",2024-06-11
"5351","MC","WZGHZS","SARSCOV2N1","31.446",62503.014,"MC-24-06-11",2024-06-11
"5750","IA","ELZNY2","SARSCOV2N1","30.904",93498.402,"IA-24-06-11",2024-06-11
"6174","IA","ELZNY2","SARSCOV2N1","29.983",185324.664,"IA-24-06-11",2024-06-11
"6550","HO","LFX6B8","SARSCOV2N1","33.15",17624.904,"HO-24-06-11",2024-06-11
"6950","HO","LFX6B8","SARSCOV2N1","32.888",21411.293,"HO-24-06-11",2024-06-11
"7351","LB","U4DCHH","SARSCOV2N1","33.437",14240.127,"LB_TX1-24-06-12",2024-06-12
"7750","LB","U4DCHH","SARSCOV2N1","32.831",22335.606,"LB_TX1-24-06-12",2024-06-12
"8196","WF","WUCJ2Z","SARSCOV2N1","31.309",69182.737,"Wichita Falls-24-06-12",2024-06-12
"8550","WF","WUCJ2Z","SARSCOV2N1","31.863",45834.372,"Wichita Falls-24-06-12",2024-06-12
"8948","BC","W6L6HC","SARSCOV2N1","30.533",123172.531,"BTC-2024-06-10",2024-06-10
"9349","BC","W6L6HC","SARSCOV2N1","31.079",82059.104,"BTC-2024-06-10",2024-06-10
"9747","BW","TW4ZM8","SARSCOV2N1","32.975",20072.924,"BTW-2024-06-10",2024-06-10
"10171","BW","TW4ZM8","SARSCOV2N1","33.384",14812.996,"BTW-2024-06-10",2024-06-10
"10548","HW","WMJ5WK","SARSCOV2N1","32.398",30806.538,"HW-2024-06-10",2024-06-10
"10948","HW","WMJ5WK","SARSCOV2N1","32.237",34719.893,"HW-2024-06-10",2024-06-10
"11351","FR","SDWBMN","SARSCOV2N1","35.1",4141.205,"Fon-2024-06-10",2024-06-10
"11748","FR","SDWBMN","SARSCOV2N1","34.93",4698.219,"Fon-2024-06-10",2024-06-10
"12195","S1","PFGVZ7","SARSCOV2N1","30.021",180073.311,"53174704-A",2024-06-10
"12548","S1","PFGVZ7","SARSCOV2N1","30.364",139636.109,"53174704-A",2024-06-10
"12948","S2","HYDFLS","SARSCOV2N1","31.005",86721.498,"53174705-A",2024-06-10
"13350","S2","HYDFLS","SARSCOV2N1","31.798",48133.711,"53174705-A",2024-06-10
"13746","WC","Y7CF8H","SARSCOV2N1","31.381",65589.821,"SR610",2024-06-10
"14171","WC","Y7CF8H","SARSCOV2N1","31.33",68137.287,"SR610",2024-06-10
"14542","B1","W7UX3Q","SARSCOV2N1","32.005",41267.736,"BSR- 61124",2024-06-13
"14942","B1","W7UX3Q","SARSCOV2N1","32.293",33305.34,"BSR- 61124",2024-06-13
"15343","B2","U28C54","SARSCOV2N1","32.863",21809.359,"SABIB- 61224",2024-06-13
"15741","B2","U28C54","SARSCOV2N1","33.678",11908.819,"SABIB- 61224",2024-06-13
"16173","ZC","D4FJ54","SARSCOV2N1","32.283",33563.613,"Zacat-2024-06-11",2024-06-11
"16536","ZC","D4FJ54","SARSCOV2N1","31.907",44373.815,"Zacat-2024-06-11",2024-06-11
"16929","SL","RUZ3JG","SARSCOV2N1","32.693",24757.536,"South-Laredo-2024-06-11",2024-06-11
"17330","SL","RUZ3JG","SARSCOV2N1","33.789",10963.91,"South-Laredo-2024-06-11",2024-06-11
