read_assignment	reads_assigned	sample_ID
ambiguous	3	AS-22-0518.p1552
ambiguous	4	AS-22-0607.p1552
ambiguous	9	AS-22-0615.p1552
ambiguous	1	AS-22-0622.p1552
ambiguous	5	AS-22-0810.p1552
ambiguous	19	FH-22-17202A.p1552
ambiguous	1	FH-22-19228.p1552
ambiguous	8	FH-22-23436.p1552
ambiguous	3	HO-22-0622.p1552
ambiguous	15	HO-22-0629.p1552
ambiguous	19	HO-22-0706.p1552
ambiguous	2	HO-22-0726.p1552
H3N2	82	HO-22-0810.p1552
ambiguous	5	HO-22-0810.p1552
ambiguous	5	HS-21-23298.p1552
ambiguous	19	HS-22-17203B.p1552
ambiguous	6	HS-22-17675.p1552
ambiguous	7	HS-22-18444.p1552
ambiguous	4	HS-22-21660.p1552
ambiguous	3	HS-22-22422.p1552
ambiguous	8	HS-22-23437.p1552
ambiguous	4	IA-22-0608.p1552
ambiguous	4	IA-22-0615.p1552
ambiguous	8	IA-22-0622.p1552
H3N2	64	IA-22-0629.p1552
ambiguous	44	IA-22-0629.p1552
ambiguous	16	IA-22-0706.p1552
ambiguous	31	IA-22-0712.p1552
ambiguous	2	IA-22-0719.p1552
H3N2	2	IA-22-0726.p1552
ambiguous	1	IA-22-0726.p1552
H3N2	4	IA-22-0802.p1552
ambiguous	1	IA-22-0802.p1552
ambiguous	7	JT-21-22900.p1552
ambiguous	9	JT-21-23299.p1552
H3N2	3	JT-22-14833.p1552
H3N2	5	JT-22-15315.p1552
ambiguous	1	JT-22-15315.p1552
ambiguous	5	JT-22-19227.p1552
ambiguous	3	JT-22-21658.p1552
ambiguous	3	JT-22-22420.p1552
ambiguous	2	MC-22-0622.p1552
ambiguous	23	MC-22-0629.p1552
ambiguous	14	MC-22-0706.p1552
ambiguous	9	MC-22-0712.p1552
ambiguous	17	PT-22-0608.p1552
ambiguous	7	PT-22-0615.p1552
ambiguous	10	PT-22-0622.p1552
ambiguous	49	PT-22-0629.p1552
ambiguous	1	RB-21-22903.p1552
H3N2	5	RB-22-18445.p1552
ambiguous	11	RB-22-18445.p1552
ambiguous	16	RB-22-19914.p1552
ambiguous	5	RB-22-21661.p1552
ambiguous	4	TC-22-0615.p1552
ambiguous	3	TC-22-0622.p1552
H3N2	5	TC-22-0719.p1552
ambiguous	1	TC-22-0719.p1552
ambiguous	1	TC-22-0726.p1552
ambiguous	7	TC-22-0810.p1552
ambiguous	13	TV-22-0629.p1552
ambiguous	5	TV-22-0706.p1552
ambiguous	2	AS-22-0829.p1562
ambiguous	2	AS-22-0912.p1562
ambiguous	12	FH-22-24166.p1562
ambiguous	4	FH-22-27750.p1562
H3N2	3	FH-22-28141.p1562
ambiguous	4	FH-22-28141.p1562
H3N2	34	HS-22-28142.p1562
ambiguous	16	HS-22-28142.p1562
H3N2	32	IA-22-0829.p1562
ambiguous	4	IA-22-0829.p1562
H3N2	13	IA-22-0906.p1562
ambiguous	1	IA-22-0906.p1562
ambiguous	8	IA-22-0912.p1562
ambiguous	749	Javan18L-half.p1562
ambiguous	3	JT-22-24165.p1562
ambiguous	6	JT-22-26553.p1562
ambiguous	11	JT-22-28140.p1562
ambiguous	3	MC-22-0815.p1562
ambiguous	4	RB-22-24168.p1562
ambiguous	3	RB-22-24935.p1562
ambiguous	8	TC-22-0912.p1562
H3N2	3	22-28764.p1585
ambiguous	3	22-28764.p1585
H3N2	5	22-30169.p1585
ambiguous	2	22-30169.p1585
H3N2	14	22-30170.p1585
ambiguous	4	22-30170.p1585
ambiguous	5	22-30172.p1585
ambiguous	9	22-30708.p1585
ambiguous	14	22-30709.p1585
H3N2	43	22-31390.p1585
ambiguous	11	22-31390.p1585
H3N2	20	22-31391.p1585
ambiguous	9	22-31391.p1585
ambiguous	16	22-31393.p1585
ambiguous	13	22-31957.p1585
H3N2	4	22-31958.p1585
ambiguous	2	22-31958.p1585
H3N2	35	AS-22-1017.p1585
ambiguous	1	AS-22-1017.p1585
ambiguous	8	AS-22-1024.p1585
H3N2	78	HO-22-1010.p1585
ambiguous	13	HO-22-1010.p1585
H3N2	286	HO-22-1017.p1585
ambiguous	29	HO-22-1017.p1585
H3N2	217	HO-22-1024.p1585
ambiguous	28	HO-22-1024.p1585
H3N2	4	IA-22-0926.p1585
ambiguous	8	IA-22-0926.p1585
H3N2	13	IA-22-1003.p1585
ambiguous	17	IA-22-1003.p1585
H3N2	48	IA-22-1017.p1585
ambiguous	10	IA-22-1017.p1585
H3N2	69	IA-22-1024.p1585
ambiguous	7	IA-22-1024.p1585
ambiguous	908	Javan18L
H3N2	47	MC-22-1003.p1585
ambiguous	2	MC-22-1003.p1585
H1N1	24	MC-22-1017.p1585
H3N2	36	MC-22-1017.p1585
ambiguous	8	MC-22-1017.p1585
H3N2	99	MC-22-1024.p1585
ambiguous	10	MC-22-1024.p1585
H1N1	19	PT-22-1003.p1585
H3N2	4	PT-22-1003.p1585
ambiguous	11	PT-22-1003.p1585
H1N1	5	PT-22-1010.p1585
H3N2	2	PT-22-1010.p1585
ambiguous	3	PT-22-1010.p1585
H3N2	42	PT-22-1017.p1585
ambiguous	7	PT-22-1017.p1585
H3N2	174	PT-22-1024.p1585
ambiguous	25	PT-22-1024.p1585
H3N2	33	TC-22-0926.p1585
H1N1	5	TC-22-1003.p1585
H3N2	27	TC-22-1003.p1585
H3	1	TC-22-1010.p1585
H3N2	43	TC-22-1010.p1585
ambiguous	84	TC-22-1010.p1585
H1N1	8	TC-22-1017.p1585
H3N2	100	TC-22-1017.p1585
ambiguous	15	TC-22-1017.p1585
H1N1	4	A8NJ8R.p1600
H3N2	135	A8NJ8R.p1600
ambiguous	67	A8NJ8R.p1600
H1N1	14	ADG4ZF.p1600
H3N2	17	ADG4ZF.p1600
H1N1	77	AJ6CPN.p1600
H3N2	10	AJ6CPN.p1600
ambiguous	65	AJ6CPN.p1600
H3N2	238	AWAMUQ.p1600
ambiguous	11	AWAMUQ.p1600
H3N2	136	AX55BV.p1600
ambiguous	10	AX55BV.p1600
H3N2	18	B54FWS.p1600
ambiguous	6	B54FWS.p1600
H1N1	1	BTSAC5.p1600
H3N2	54	BTSAC5.p1600
ambiguous	5	BTSAC5.p1600
H3N2	264	CAP8Z5.p1600
H3N8	3	CAP8Z5.p1600
ambiguous	56	CAP8Z5.p1600
H3N2	13	CF46MZ.p1600
H3N2	113	CGGXXH.p1600
ambiguous	16	CGGXXH.p1600
ambiguous	1093	CMMR
H3N2	10	CW6JFA.p1600
H3N2	77	CXEG4E.p1600
ambiguous	5	CXEG4E.p1600
H1N1	81	DBZ6ZT.p1600
H3N2	77	DBZ6ZT.p1600
ambiguous	50	DBZ6ZT.p1600
H3N2	68	DRB2LL.p1600
ambiguous	2	DRB2LL.p1600
H3N2	6	DVYDSA.p1600
ambiguous	2	DVYDSA.p1600
H3N2	270	E2V6JN.p1600
ambiguous	32	E2V6JN.p1600
H1N1	24	EFLDWX.p1600
ambiguous	7	EFLDWX.p1600
H3	1	EH8NZV.p1600
H3N2	118	EH8NZV.p1600
ambiguous	29	EH8NZV.p1600
H1N1	12	FAHKAL.p1600
H3N2	7	FUKY8M.p1600
ambiguous	2	FUKY8M.p1600
H3N2	55	FXE5M5.p1600
ambiguous	27	FXE5M5.p1600
H3N2	12	FZLKV7.p1600
ambiguous	16	FZLKV7.p1600
H1N1	2	FZNR7M.p1600
H3N2	30	FZNR7M.p1600
ambiguous	2	FZNR7M.p1600
H3N2	150	H7HGKF.p1600
ambiguous	55	H7HGKF.p1600
H3N2	54	HMV9RN.p1600
ambiguous	2	HMV9RN.p1600
H1N1	32	J4NUH2.p1600
ambiguous	22	J4NUH2.p1600
H3N2	40	JQWNBJ.p1600
ambiguous	37	JQWNBJ.p1600
H3N2	284	KNE3R8.p1600
ambiguous	96	KNE3R8.p1600
H3N2	178	MEXUM8.p1600
ambiguous	15	MEXUM8.p1600
H3N2	121	MLNWLA.p1600
ambiguous	81	MLNWLA.p1600
H3N2	188	NB8DRC.p1600
ambiguous	32	NB8DRC.p1600
H3N2	11	PXEV6L.p1600
ambiguous	4	PXEV6L.p1600
H1N1	6	QQ3T2B.p1600
H3N2	22	QQ3T2B.p1600
ambiguous	3	QQ3T2B.p1600
H3N2	1	QYKEAQ.p1600
ambiguous	19	R8UD98.p1600
H3N2	122	THGNLM.p1600
ambiguous	6	THGNLM.p1600
H1N1	24	UKSTF8.p1600
H3N2	124	UKSTF8.p1600
ambiguous	41	UKSTF8.p1600
H3N2	28	UQU82Z.p1600
H1N1	29	V7C6NF.p1600
H3N2	34	V7C6NF.p1600
ambiguous	13	V7C6NF.p1600
H1N1	57	VD8K6G.p1600
H3N2	31	VD8K6G.p1600
ambiguous	61	VD8K6G.p1600
H3N2	46	WDQR3U.p1600
ambiguous	1	WDQR3U.p1600
H3N2	130	XRYJSP.p1600
ambiguous	38	XRYJSP.p1600
H1N1	37	XUYRKL.p1600
H3N2	24	XUYRKL.p1600
ambiguous	30	XUYRKL.p1600
H3N2	55	Y3A3UF.p1600
ambiguous	3	Y3A3UF.p1600
H3N2	40	ZR3LHR.p1600
ambiguous	4	ZR3LHR.p1600
H1N1	8	A5B3KB.p1616
H3N2	6	A5B3KB.p1616
ambiguous	2	A5B3KB.p1616
H1N1	29	A9595M.p1616
H1N2	1	A9595M.p1616
H3N2	10	A9595M.p1616
H6N1	1	A9595M.p1616
ambiguous	7	A9595M.p1616
H1N1	18	AF2T23.p1616
H3N2	19	AF2T23.p1616
ambiguous	8	AF2T23.p1616
H1N1	1	AGFQRZ.p1616
H3N2	14	ATA6VA.p1616
ambiguous	6	ATA6VA.p1616
H3N2	94	CE3V5U.p1616
ambiguous	11	CE3V5U.p1616
ambiguous	645	CMMR
H1N1	1	CMRC6F.p1616
H3N2	106	CMRC6F.p1616
ambiguous	25	CMRC6F.p1616
H3N2	48	CQ3ANL.p1616
ambiguous	2	CQ3ANL.p1616
H1N1	18	CS9LYQ.p1616
H3N2	68	CS9LYQ.p1616
ambiguous	34	CS9LYQ.p1616
H3N2	70	D6US9A.p1616
ambiguous	11	D6US9A.p1616
H1N1	22	DXT27B.p1616
H3N2	59	DXT27B.p1616
ambiguous	6	DXT27B.p1616
H1N1	77	EHTBBB.p1616
H3N2	16	EHTBBB.p1616
ambiguous	10	EHTBBB.p1616
H3N2	38	EKA7CV.p1616
ambiguous	1	EKA7CV.p1616
H1N1	53	FCKA8T.p1616
H3N2	39	FCKA8T.p1616
ambiguous	19	FCKA8T.p1616
H1N1	2	FJY5K2.p1616
H3N2	198	FT3BFL.p1616
ambiguous	10	FT3BFL.p1616
H1N1	25	G97HVD.p1616
H3N2	59	G97HVD.p1616
ambiguous	12	G97HVD.p1616
H3N2	29	GQ2D3Z.p1616
ambiguous	8	GQ2D3Z.p1616
H3N2	7	HYUTKY.p1616
H1N1	2	JRG2YW.p1616
H3N2	34	JRG2YW.p1616
ambiguous	3	JRG2YW.p1616
H1N1	129	JXNFZ4.p1616
H3N2	174	JXNFZ4.p1616
ambiguous	37	JXNFZ4.p1616
H3N2	98	K35Y9P.p1616
ambiguous	14	K35Y9P.p1616
H3N2	39	K5WPZD.p1616
ambiguous	6	K5WPZD.p1616
H1N1	42	L7YKQM.p1616
H3N2	13	L7YKQM.p1616
ambiguous	3	L7YKQM.p1616
H1N1	54	LG3ZYK.p1616
H3N2	141	LG3ZYK.p1616
ambiguous	97	LG3ZYK.p1616
H3N2	57	M2UMLX.p1616
ambiguous	16	M2UMLX.p1616
H1N1	42	M7MY28.p1616
H3N2	282	M7MY28.p1616
ambiguous	54	M7MY28.p1616
H1N1	16	MXU533.p1616
H3N2	34	MXU533.p1616
ambiguous	22	MXU533.p1616
H1N1	31	NDWV5Q.p1616
H3N2	50	NDWV5Q.p1616
ambiguous	15	NDWV5Q.p1616
H1N1	53	P3SKUQ.p1616
H3N2	2	P3SKUQ.p1616
ambiguous	11	P3SKUQ.p1616
H1N1	5	P8NE5K.p1616
H3N2	101	P8NE5K.p1616
ambiguous	11	P8NE5K.p1616
H1N1	1	PDPFWK.p1616
H1N1	50	PES8F5.p1616
H3N2	33	PES8F5.p1616
ambiguous	28	PES8F5.p1616
H1N1	6	PUEBTL.p1616
ambiguous	7	PUEBTL.p1616
H1N1	7	PZBAZD.p1616
H3N2	4	PZBAZD.p1616
H1N1	2	QNGH3A.p1616
H3N2	56	QNGH3A.p1616
ambiguous	16	QNGH3A.p1616
H3N2	120	R4YVGH.p1616
ambiguous	62	R4YVGH.p1616
H3N2	15	R68ZKY.p1616
ambiguous	3	R68ZKY.p1616
H1N1	10	R8ZQMC.p1616
H3N2	28	R8ZQMC.p1616
H6N6	2	R8ZQMC.p1616
ambiguous	7	R8ZQMC.p1616
H1N1	6	RKQXBD.p1616
H3N2	43	RKQXBD.p1616
ambiguous	12	RKQXBD.p1616
H3N2	99	RMLWN5.p1616
ambiguous	4	RMLWN5.p1616
H1N1	4	T3VUKH.p1616
H1N1	9	TUY8KA.p1616
H3N2	139	TUY8KA.p1616
ambiguous	41	TUY8KA.p1616
H3N2	39	WGNCSH.p1616
ambiguous	2	WGNCSH.p1616
H1N1	3	WJVV4D.p1616
H3N2	7	WJVV4D.p1616
ambiguous	1	WJVV4D.p1616
H1N1	18	YJ6H6C.p1616
H3N2	98	YJ6H6C.p1616
ambiguous	17	YJ6H6C.p1616
H3N2	14	YM66DD.p1616
ambiguous	3	YM66DD.p1616
H3N2	15	Z62SBD.p1616
H1N1	29	Z6JM67.p1616
H3N2	109	Z6JM67.p1616
ambiguous	6	Z6JM67.p1616
H3N2	31	aftquk.p1623
ambiguous	520	CMMR
H1N1	99	DNGH3L.p1623
H3N2	1	DNGH3L.p1623
ambiguous	88	DNGH3L.p1623
ambiguous	12	ESSTKB.p1623
ambiguous	6	F8U2DR.p1623
ambiguous	13	fq6vhy.p1623
H3N2	90	GXFFDZ.p1623
ambiguous	22	GXFFDZ.p1623
H1N1	1	h6nntv.p1623
H3N2	1	h6nntv.p1623
ambiguous	3	h6nntv.p1623
ambiguous	9	j9p9hf.p1623
H3N2	9	JRH5L6.p1623
H1N1	21	k2tg4p.p1623
H3N2	30	KUTMXV.p1623
ambiguous	1	KUTMXV.p1623
H1N1	168	lvktgc.p1623
ambiguous	5	lvktgc.p1623
H1N1	8	M375XQ.p1623
H3N2	25	M375XQ.p1623
ambiguous	6	M375XQ.p1623
H1N1	87	N6DQTX.p1623
ambiguous	12	N6DQTX.p1623
H3N2	17	NRC74M.p1623
ambiguous	1	NRC74M.p1623
H1N1	33	pm7tcz.p1623
H1N2	1	pm7tcz.p1623
H3N2	5	pm7tcz.p1623
ambiguous	23	pm7tcz.p1623
H3N2	8	Q5T77M.p1623
ambiguous	7	Q5T77M.p1623
H3N2	36	QW2LVJ.p1623
H1N1	49	R3QE6K.p1623
H3N2	10	R3QE6K.p1623
ambiguous	26	R3QE6K.p1623
H1N1	31	tb2dpf.p1623
H1N2	1	tb2dpf.p1623
H3N2	37	tb2dpf.p1623
ambiguous	2	tb2dpf.p1623
H1N1	62	TJHBC6.p1623
H3N2	28	TJHBC6.p1623
ambiguous	16	TJHBC6.p1623
ambiguous	9	TKR4YG.p1623
ambiguous	14	U699CT.p1623
H1N1	67	WC3BLF.p1623
H3N2	17	WC3BLF.p1623
ambiguous	13	WC3BLF.p1623
H1N1	11	WMBUHG.p1623
ambiguous	1	WMBUHG.p1623
H3N2	23	XKZX54.p1623
ambiguous	6	XKZX54.p1623
ambiguous	12	ZEF38J.p1623
H3N2	2	CWJ2LA.p1647
ambiguous	2	CWJ2LA.p1647
ambiguous	2	E8HPKA.p1647
ambiguous	6	F4DUP8.p1647
ambiguous	6	FSKVKF.p1647
ambiguous	4	HJMC7G.p1647
ambiguous	1	HWLNMD.p1647
ambiguous	220	Javan18L-half.p1647
ambiguous	1	KWMVUU.p1647
ambiguous	1	L7NV58.p1647
ambiguous	6	MXNCNF.p1647
ambiguous	8	NM7NUP.p1647
ambiguous	1	PAS6SY.p1647
ambiguous	3	PKA8P8.p1647
H3N2	23	PP47MD.p1647
ambiguous	9	PP47MD.p1647
ambiguous	3	QA2YH6.p1647
ambiguous	2	TK75X2.p1647
H1N1	5	TTX36V.p1647
ambiguous	1	TTX36V.p1647
ambiguous	4	TZ5FZA.p1647
ambiguous	1	UBBTLS.p1647
H1N1	6	V657CY.p1647
ambiguous	2	V657CY.p1647
H1N1	3	VQRZVF.p1647
H3N2	10	W5CQ3H.p1647
ambiguous	7	W5CQ3H.p1647
ambiguous	3	WNQLM6.p1647
H1N1	31	WXFFZX.p1647
ambiguous	13	WXFFZX.p1647
H1N1	7	XSCXG7.p1647
ambiguous	2	XSCXG7.p1647
ambiguous	1	AANMGC.p1656
ambiguous	2	AT9MEA.p1656
H1N1	25	BXHMJR.p1656
ambiguous	13	BXHMJR.p1656
H1N1	9	CKVP44.p1656
ambiguous	2	CKVP44.p1656
H3N2	4	EJHYFT.p1656
ambiguous	5	EJHYFT.p1656
H1N1	24	FDP8EJ.p1656
ambiguous	9	HQ3HYW.p1656
ambiguous	145	Javan18L-half.p1656
ambiguous	2	K8X7M5.p1656
H3N2	18	KUCM47.p1656
ambiguous	7	L4UJ4H.p1656
ambiguous	10	L5UMGZ.p1656
ambiguous	5	L89RJB.p1656
ambiguous	1	MAZ3YQ.p1656
H1N1	11	QCEFRZ.p1656
ambiguous	3	QCEFRZ.p1656
ambiguous	5	QJTNKD.p1656
ambiguous	5	QNSQQ3.p1656
H3N2	18	RUKA8Z.p1656
H3N2	17	SMDR8W.p1656
ambiguous	3	SMDR8W.p1656
ambiguous	3	SSX6HH.p1656
H1N1	25	T2VWSA.p1656
H1N1	7	TVKUVP.p1656
ambiguous	1	TVKUVP.p1656
ambiguous	1	VB53CX.p1656
ambiguous	3	VXFDSA.p1656
H3N2	1	WMM4ZE.p1656
ambiguous	6	WMM4ZE.p1656
ambiguous	5	B52AV2.p1671
ambiguous	3	B6H2RW.p1671
ambiguous	4	BGGGBM.p1671
H3N2	21	CJL3UA.p1671
H1N1	22	EMKA9J.p1671
ambiguous	1	EMKA9J.p1671
ambiguous	2	GQ4CHJ.p1671
ambiguous	59	Javan18L-half.p1671
ambiguous	7	JMZX6E.p1671
H1N1	14	KN8P3G.p1671
ambiguous	5	LKRNKJ.p1671
ambiguous	3	MBJMYL.p1671
ambiguous	6	NUGS9N.p1671
H1N1	7	U6MPMQ.p1671
H1N1	6	W7XQT4.p1671
ambiguous	6	XGYKXS.p1671
H1N1	1	Y73Z97.p1671
H1N1	20	ZNGEFP.p1671
ambiguous	7	ZNGEFP.p1671
ambiguous	5	AJ46G5.p1675
ambiguous	2	F4XEM6.p1675
H1N1	15	FG9568.p1675
ambiguous	1	FG9568.p1675
ambiguous	1	FS4TVN.p1675
ambiguous	5	HU3LQX.p1675
ambiguous	73	Javan18L-half.p1675
H1N1	26	JN8BNA.p1675
ambiguous	1	L2N2CZ.p1675
ambiguous	1	MRUD6W.p1675
ambiguous	6	NW3NEY.p1675
ambiguous	4	PFGRWE.p1675
H1N1	2	QX3FWL.p1675
H3N6	1	QX3FWL.p1675
H5N2	1	QX3FWL.p1675
ambiguous	1	WH7YMG.p1675
ambiguous	3	WXUZU5.p1675
ambiguous	9	XKMKGH.p1675
ambiguous	3	AE2MWE.p1679
H1N1	15	BHP2HM.p1679
ambiguous	3	BHP2HM.p1679
ambiguous	5	DZZGHB.p1679
ambiguous	1	E7D3NY.p1679
ambiguous	1	EMFG7J.p1679
H1N1	4	F6HLS7.p1679
ambiguous	2	F6HLS7.p1679
ambiguous	1	HBWD8C.p1679
ambiguous	114	Javan18L-half.p1679
ambiguous	4	JZM5UJ.p1679
ambiguous	2	KAB4NR.p1679
ambiguous	1	LPFPCW.p1679
ambiguous	2	MBJMYL.p1679
ambiguous	6	NQN4F4.p1679
ambiguous	1	PEXS9L.p1679
H1N1	21	Q89HNB.p1679
ambiguous	2	Q89HNB.p1679
ambiguous	5	RMR8QL.p1679
ambiguous	8	T85MN8.p1679
ambiguous	1	TDRQV5.p1679
H1N1	4	VZ3SEJ.p1679
ambiguous	5	VZ3SEJ.p1679
ambiguous	4	XDPX2P.p1679
ambiguous	3	A6J29E.p1685
ambiguous	4	BZDXKG.p1685
ambiguous	3	C8235V.p1685
ambiguous	1	CDYX3Y.p1685
H1N1	12	CEF4YE.p1685
ambiguous	2	CEF4YE.p1685
H1N1	17	M3QX66.p1685
ambiguous	2	M3QX66.p1685
H1N1	54	QMMGRG.p1685
ambiguous	1	QMMGRG.p1685
ambiguous	6	RJ35SE.p1685
H1N1	34	TR2QNP.p1685
ambiguous	1	TR2QNP.p1685
ambiguous	3	VXGZWG.p1685
ambiguous	1	WHHY5N.p1685
ambiguous	11	WQFGAU.p1685
ambiguous	3	WQP752.p1685
ambiguous	5	xEWUE6.p1685
ambiguous	4	YSDPKA.p1685
ambiguous	6	EFC3GX.p1700
ambiguous	4	J23MRN.p1700
H1N1	7	L22EF6.p1700
ambiguous	4	L22EF6.p1700
ambiguous	8	MCRYW3.p1700
ambiguous	3	MV9JC2.p1700
ambiguous	13	NLDKA7.p1700
ambiguous	12	NY4ADA.p1700
ambiguous	7	S8KPUK.p1700
H1N1	11	S9FPA8.p1700
ambiguous	4	SGN58E.p1700
ambiguous	13	SP7D5H.p1700
ambiguous	7	SPSU9B.p1700
ambiguous	4	V84RTW.p1700
ambiguous	11	WFRXK3.p1700
ambiguous	1	YDLQU6.p1700
ambiguous	7	ALDQSW.p1716
ambiguous	11	B5FZVW.p1716
ambiguous	3	C2SPP5.p1716
H3N2	4	C2X842.p1716
ambiguous	2	C2X842.p1716
ambiguous	5	CFV56Q.p1716
H3N2	26	CTAT87.p1716
ambiguous	4	CUDTQK.p1716
H1N1	28	DBEVFA.p1716
ambiguous	4	DMR3YV.p1716
ambiguous	5	EEUGF4.p1716
ambiguous	7	EYHRZ2.p1716
ambiguous	1	F74VSA.p1716
ambiguous	11	F7LL7N.p1716
ambiguous	8	GKR8L3.p1716
ambiguous	7	J4NZ68.p1716
H1N1	2	JMEPVJ.p1716
H1N1	24	JS26MJ.p1716
ambiguous	6	JS26MJ.p1716
ambiguous	3	LV2SUJ.p1716
H1N1	7	ML8U3B.p1716
ambiguous	1	NCTEUL.p1716
ambiguous	4	NFFJ3J.p1716
ambiguous	6	NTG9TN.p1716
ambiguous	7	P98QR2.p1716
ambiguous	5	PE2BQH.p1716
ambiguous	6	QF8S55.p1716
ambiguous	2	RNGS7T.p1716
ambiguous	4	S4NUFU.p1716
ambiguous	3	T8UBA7.p1716
ambiguous	2	TTR8QC.p1716
ambiguous	5	TU98NV.p1716
ambiguous	2	XDLKRF.p1716
H1N1	2	YSXHHY.p1716
ambiguous	3	YSXHHY.p1716
ambiguous	2	Z9L2GB.p1716
ambiguous	4	A2C7R3.p1732
H1N1	6	AEGZHZ.p1732
ambiguous	13	AEGZHZ.p1732
ambiguous	1	AUKKZE.p1732
ambiguous	6	AVX957.p1732
ambiguous	5	B4UMN5.p1732
ambiguous	3	B5PU6J.p1732
ambiguous	10	C8WQVL.p1732
ambiguous	6	EDC4PR.p1732
H1N1	40	EG2H55.p1732
H3N2	4	EGDKKA.p1732
ambiguous	4	EGDKKA.p1732
ambiguous	4	EGM3NF.p1732
ambiguous	4	ELS3UY.p1732
H3N2	80	EUGYU5.p1732
ambiguous	17	EUGYU5.p1732
ambiguous	3	FGYQ3Z.p1732
H1N1	6	GJWGBY.p1732
ambiguous	8	GJWGBY.p1732
ambiguous	2	GUR8GW.p1732
H1N1	4	H8YE7D.p1732
ambiguous	5	H8YE7D.p1732
ambiguous	1	HDUZAN.p1732
ambiguous	3	HKB6EQ.p1732
ambiguous	3	HPF4ZX.p1732
ambiguous	9	HYBRID-CONTROL.p1732
ambiguous	23	J9F7HR.p1732
H1N1	6	JB3VBK.p1732
ambiguous	6	JC4N9S.p1732
ambiguous	1	K2FRR5.p1732
ambiguous	4	K4YU8Y.p1732
ambiguous	7	KJ6457.p1732
H1N1	59	KL43LR.p1732
ambiguous	1	M2VEVU.p1732
ambiguous	11	MHDYGQ.p1732
ambiguous	13	MJXGMG.p1732
H1N1	55	MQ5JRW.p1732
ambiguous	5	MQ5JRW.p1732
H1N1	14	MUZVNN.p1732
ambiguous	18	MYVC2T.p1732
ambiguous	5	MZX3EM.p1732
ambiguous	3	NO-HYBRIDIZATION-CONTROL.p1732
ambiguous	6	NXC9KW.p1732
H1N1	63	S4B6HT.p1732
ambiguous	7	S4B6HT.p1732
ambiguous	10	SDKA2M.p1732
ambiguous	11	T4EBU7.p1732
H1N1	75	TMZ8MD.p1732
H1N2	1	TMZ8MD.p1732
H3N5	1	TMZ8MD.p1732
ambiguous	43	TMZ8MD.p1732
ambiguous	5	TWHWWM.p1732
ambiguous	5	ULJ9KV.p1732
ambiguous	5	UYLB2W.p1732
ambiguous	6	V8QMBW.p1732
ambiguous	11	VHRUPZ.p1732
H1N1	5	WWFQZP.p1732
H1N1	61	WY8GTA.p1732
ambiguous	8	WY8GTA.p1732
ambiguous	11	WYR9ZS.p1732
H1N1	25	X8ZSN3.p1732
ambiguous	1	XC7P3F.p1732
ambiguous	16	XZEXLS.p1732
ambiguous	3	YY6KKF.p1732
ambiguous	5	ZHUB2Y.p1732
H3N2	4	ZW5Q4T.p1732
ambiguous	1	ZXRCTT.p1732
H1N1	6	AL8S8K.p1763
ambiguous	2	BE9BPP.p1763
H1N1	3	BRTRV6.p1763
H1N1	7	CNTEXH.p1763
H1N1	8	DCH566.p1763
H1N2	1	DCH566.p1763
H3N2	1	DCH566.p1763
ambiguous	3	DCH566.p1763
H1N1	2	EJNRJS.p1763
H1N1	25	ELALGB.p1763
ambiguous	4	ELALGB.p1763
ambiguous	4	FBNDBK.p1763
H3N2	4	G2SQEA.p1763
ambiguous	4	G2SQEA.p1763
H1N1	58	HQESVD.p1763
ambiguous	2	HQESVD.p1763
H3N2	3	J5BALT.p1763
ambiguous	2	J5BALT.p1763
ambiguous	1	JB29KY.p1763
ambiguous	3	JBG79W.p1763
ambiguous	1	JHWHWB.p1763
H1N1	10	K9QUDW.p1763
ambiguous	1	KZYD7K.p1763
H1N1	6	L9FY6A.p1763
ambiguous	10	L9FY6A.p1763
H1N1	23	LMZRL4.p1763
ambiguous	4	LMZRL4.p1763
ambiguous	5	MDVLXA.p1763
H1N1	15	QSQTH5.p1763
H3N2	2	QSR8HP.p1763
ambiguous	3	QSR8HP.p1763
ambiguous	2	QXWHMY.p1763
H1N1	10	R5VQNJ.p1763
ambiguous	5	R5VQNJ.p1763
H1N1	35	TWJ4MP.p1763
ambiguous	6	U3FHXV.p1763
ambiguous	1	V5AZDZ.p1763
ambiguous	2	V6HXBV.p1763
H1N1	15	WMVP9B.p1763
H3N2	8	WMVP9B.p1763
ambiguous	3	WMVP9B.p1763
H1N1	1	WSRGM5.p1763
ambiguous	5	WSRGM5.p1763
H1N1	31	WUQU94.p1763
ambiguous	12	WUQU94.p1763
ambiguous	2	XL5EJ3.p1763
H1N1	2	XRB9YF.p1763
H1N1	6	XVLAYZ.p1763
H1N1	31	Y7XGDQ.p1763
ambiguous	6	Y7XGDQ.p1763
ambiguous	3	YGA5WW.p1763
H1N1	18	YY3JZ5.p1763
ambiguous	2	YY3JZ5.p1763
H1N1	69	ASSW6R.p1765
ambiguous	3	ASSW6R.p1765
H1N1	12	C3UJZV.p1765
ambiguous	5	C3UJZV.p1765
H1N1	17	DEQHJ5.p1765
ambiguous	9	DEQHJ5.p1765
H1N1	55	DYYC9R.p1765
ambiguous	7	DYYC9R.p1765
H1N1	26	EGPE2N.p1765
ambiguous	2	EGPE2N.p1765
H1N1	5	ESVABZ.p1765
ambiguous	15	ESVABZ.p1765
H1N1	9	FJAFV4.p1765
ambiguous	1	FJAFV4.p1765
ambiguous	1	FWVHEJ.p1765
ambiguous	4	G5K973.p1765
H1N1	74	H4LADT.p1765
ambiguous	15	H4LADT.p1765
H1N1	63	HDNTA2.p1765
H1N1	29	HXVZSK.p1765
ambiguous	6	HXVZSK.p1765
H1N1	60	JB9NU3.p1765
ambiguous	3	JB9NU3.p1765
H1N1	15	KPF7DE.p1765
H3N2	11	KPF7DE.p1765
ambiguous	25	KPF7DE.p1765
H1N1	124	KZQBZ3.p1765
H3N2	15	KZQBZ3.p1765
ambiguous	11	KZQBZ3.p1765
H1N1	88	L5Y3BL.p1765
ambiguous	12	L5Y3BL.p1765
H1N1	26	L97P6S.p1765
ambiguous	1	L97P6S.p1765
ambiguous	3	LAYA8B.p1765
H1N1	77	LPMBTM.p1765
H3N2	1	LPMBTM.p1765
ambiguous	15	LPMBTM.p1765
H1N1	4	NG7ACQ.p1765
H1N1	33	P79LKD.p1765
H3N2	2	P79LKD.p1765
ambiguous	8	P79LKD.p1765
H1N1	22	PUJW5K.p1765
ambiguous	3	PUJW5K.p1765
H1N1	22	R9P8M5.p1765
ambiguous	1	R9P8M5.p1765
H1N1	42	TBQ2WV.p1765
ambiguous	2	TBQ2WV.p1765
H1N1	17	U2336H.p1765
ambiguous	1	U2336H.p1765
H1N1	15	UG29EN.p1765
ambiguous	7	UG29EN.p1765
H1N1	96	VE5623.p1765
H3N2	15	VE5623.p1765
ambiguous	16	VE5623.p1765
H1N1	43	VL2RNR.p1765
ambiguous	6	VL2RNR.p1765
H1N1	12	VYFAV8.p1765
ambiguous	1	VYFAV8.p1765
H1N1	7	W3SGXH.p1765
H3N2	9	W3SGXH.p1765
ambiguous	7	W3SGXH.p1765
H1N1	17	W6DXSH.p1765
H3N2	1	W6DXSH.p1765
H1N1	29	W94N7K.p1765
H1N1	5	WTV2CP.p1765
H1N1	22	XTVMB4.p1765
ambiguous	5	XTVMB4.p1765
H3N2	12	YFYLRX.p1765
ambiguous	1	YFYLRX.p1765
ambiguous	1	YPDNFJ.p1765
H1N1	19	YTYJ77.p1765
ambiguous	4	YTYJ77.p1765
ambiguous	5	ZJ5QBY.p1765
H3N2	1	A5VRTT.p1772
ambiguous	4	A5VRTT.p1772
ambiguous	3	A8FLUA.p1772
H1N1	16	ABPJS3.p1772
H3N2	7	ABPJS3.p1772
ambiguous	3	ABPJS3.p1772
H1N1	27	AEXK3E.p1772
ambiguous	3	AEXK3E.p1772
H1N1	18	B94UVA.p1772
H3N2	14	B94UVA.p1772
ambiguous	4	B94UVA.p1772
H1N1	58	BFGJHE.p1772
H3N2	3	BFGJHE.p1772
ambiguous	7	BFGJHE.p1772
H1N1	51	BXS26F.p1772
H3N2	7	BXS26F.p1772
ambiguous	14	BXS26F.p1772
H1N1	9	C6LENH.p1772
ambiguous	6	C6LENH.p1772
H1N1	21	CFYRCT.p1772
H1N1	7	CNMDRW.p1772
ambiguous	2	CNMDRW.p1772
H1N1	12	CXSL8S.p1772
H3N2	2	CXSL8S.p1772
ambiguous	4	CXSL8S.p1772
H1N1	4	DES7NA.p1772
H1N1	34	DLP3W2.p1772
ambiguous	28	DLP3W2.p1772
H1N1	2	F9NM5K.p1772
H3N2	15	FNHUQH.p1772
ambiguous	1	FNHUQH.p1772
H1N1	4	FY87ZU.p1772
H3N2	1	FY87ZU.p1772
H1N1	48	FYMYF8.p1772
H3N2	13	FYMYF8.p1772
ambiguous	12	FYMYF8.p1772
H1N1	4	GVNSCJ.p1772
H1N1	7	GX5CTY.p1772
ambiguous	2	GX5CTY.p1772
H1N1	9	HDU2AM.p1772
H1N1	5	HEPBVV.p1772
H1N1	41	HJZQU3.p1772
ambiguous	9	HJZQU3.p1772
H1N1	20	HLXYNZ.p1772
ambiguous	4	HLXYNZ.p1772
H1N1	18	HZ3GK3.p1772
ambiguous	2	HZ3GK3.p1772
H1N1	5	JKKHD5.p1772
H1N1	30	JYBHJT.p1772
H3N2	28	JYBHJT.p1772
ambiguous	10	JYBHJT.p1772
H3N2	11	K8MNRU.p1772
ambiguous	6	K8MNRU.p1772
H1N1	2	KS7HL2.p1772
ambiguous	1	KS7HL2.p1772
H1N1	2	L6KX96.p1772
H1N1	8	LJMED5.p1772
H1N1	38	LPUBNK.p1772
ambiguous	8	LPUBNK.p1772
H1N1	6	MNLS8S.p1772
ambiguous	1	MNLS8S.p1772
H1N1	10	MSFLKN.p1772
ambiguous	2	MSFLKN.p1772
H1N1	15	NW9RTA.p1772
H3N2	7	NW9RTA.p1772
H1N1	30	P2YWMF.p1772
ambiguous	2	P2YWMF.p1772
H1N1	23	QPAT43.p1772
H3N2	11	QPAT43.p1772
ambiguous	4	QPAT43.p1772
H1N1	7	R6FG7N.p1772
H3N2	7	R6FG7N.p1772
ambiguous	2	R6FG7N.p1772
H1N1	1	RBZGKK.p1772
H1N1	10	RCCXLP.p1772
H3N2	16	RCCXLP.p1772
ambiguous	14	RCCXLP.p1772
ambiguous	4	RNFZ8L.p1772
H1N1	6	RZLCV4.p1772
ambiguous	7	RZLCV4.p1772
H1N1	1	S2G7TD.p1772
H1N1	39	S654QS.p1772
H3N2	1	S654QS.p1772
ambiguous	5	S654QS.p1772
H1N1	9	SA9G6Q.p1772
H3N2	4	SA9G6Q.p1772
ambiguous	1	SA9G6Q.p1772
H1N1	26	SWDM8R.p1772
H3N2	6	SWDM8R.p1772
ambiguous	3	SWDM8R.p1772
H1N1	5	SXSFM4.p1772
ambiguous	1	SXSFM4.p1772
H1N1	43	SZSS48.p1772
ambiguous	1	SZSS48.p1772
H1N1	94	TQCEYE.p1772
H3N2	2	TQCEYE.p1772
ambiguous	5	TQCEYE.p1772
H1N1	18	U9MBWQ.p1772
H3N2	1	U9MBWQ.p1772
ambiguous	15	U9MBWQ.p1772
H1N1	17	UBBK6G.p1772
ambiguous	1	UBBK6G.p1772
H1N1	20	UMLKND.p1772
H3N2	1	UMLKND.p1772
ambiguous	3	UMLKND.p1772
H1N1	24	UYKBFJ.p1772
H1N1	11	VXNN7C.p1772
H1N1	8	VYVDNW.p1772
ambiguous	1	VYVDNW.p1772
H3N2	1	W38QN4.p1772
ambiguous	2	W38QN4.p1772
H1N1	88	WZVYNA.p1772
H3N2	5	WZVYNA.p1772
ambiguous	3	WZVYNA.p1772
H1N1	19	XXVMJR.p1772
H3N2	15	Y6K9FA.p1772
ambiguous	6	Y6K9FA.p1772
H3N2	13	AATLQY.p1785
H3N2	22	ASG4JH.p1785
H1N1	47	BCEGZ5.p1785
H3N2	21	BCEGZ5.p1785
ambiguous	7	BCEGZ5.p1785
ambiguous	1	BG8DVE.p1785
ambiguous	2	BNXEDY.p1785
H3N2	11	BQSVV4.p1785
ambiguous	2	BQSVV4.p1785
H1N1	12	CHBC52.p1785
H3N2	17	CHBC52.p1785
ambiguous	3	CHBC52.p1785
H1N1	46	DRR9QT.p1785
H3N2	18	DRR9QT.p1785
ambiguous	8	DRR9QT.p1785
H1N1	41	DSGMUK.p1785
ambiguous	27	DSGMUK.p1785
H1N1	69	EU7JTV.p1785
H3N2	32	EU7JTV.p1785
ambiguous	9	EU7JTV.p1785
H1N1	29	F4P9KM.p1785
H3N2	11	F6VBN8.p1785
ambiguous	6	F6VBN8.p1785
H1N1	57	GCSQB2.p1785
H3N2	16	GCSQB2.p1785
ambiguous	20	GCSQB2.p1785
H1N1	19	GG7JAQ.p1785
H3N2	17	GG7JAQ.p1785
ambiguous	1	GG7JAQ.p1785
H1N1	24	GTHDA8.p1785
H1N2	1	GTHDA8.p1785
H3N2	18	GTHDA8.p1785
ambiguous	5	GTHDA8.p1785
H1N1	37	HLJKJX.p1785
H3N2	9	HLJKJX.p1785
ambiguous	1	HLJKJX.p1785
H1N1	25	HYZ3JL.p1785
ambiguous	3	HYZ3JL.p1785
H1N1	47	J22HG4.p1785
H3N2	34	J22HG4.p1785
ambiguous	12	J22HG4.p1785
H1N1	6	JP37BV.p1785
ambiguous	5	JP37BV.p1785
ambiguous	2	KK8TPT.p1785
H1N1	46	LE28VJ.p1785
ambiguous	1	LE28VJ.p1785
H3N2	24	LV77JA.p1785
H1N1	63	M75EVF.p1785
ambiguous	16	M75EVF.p1785
H1N1	2	MC7757.p1785
H3N2	30	MC7757.p1785
ambiguous	8	MC7757.p1785
H1N1	65	N7WK4A.p1785
ambiguous	3	N7WK4A.p1785
H3N2	8	NR35CQ.p1785
ambiguous	2	NR35CQ.p1785
H1N1	22	NWP7WB.p1785
H1N2	21	NWP7WB.p1785
ambiguous	4	NWP7WB.p1785
H1N1	18	PJGJ2E.p1785
H3N2	13	PJGJ2E.p1785
ambiguous	1	PJGJ2E.p1785
H1N1	36	REL44Q.p1785
ambiguous	6	SH64DR.p1785
H1N1	26	SRUWZD.p1785
H3N2	14	SRUWZD.p1785
H1N1	16	TU44R3.p1785
H3N2	7	TU44R3.p1785
ambiguous	12	TU44R3.p1785
H1N1	1	ULD9RU.p1785
H3N2	48	ULD9RU.p1785
ambiguous	2	ULD9RU.p1785
H1N1	53	UYH392.p1785
ambiguous	2	UYH392.p1785
H1N1	69	VN57UY.p1785
H1N1	29	VP66HA.p1785
H3N2	66	VP66HA.p1785
ambiguous	11	VP66HA.p1785
H1N1	8	WE9KKY.p1785
ambiguous	10	WE9KKY.p1785
H3N2	17	WGFMVC.p1785
ambiguous	8	WGFMVC.p1785
H1N1	37	WRV7R7.p1785
H3N2	26	WRV7R7.p1785
ambiguous	2	WRV7R7.p1785
H1N1	7	XAMWHE.p1785
H1N1	23	XV9CZA.p1785
H3N2	36	XV9CZA.p1785
ambiguous	5	XV9CZA.p1785
H1N1	103	XXE5ZA.p1785
H3N2	34	XXE5ZA.p1785
ambiguous	21	XXE5ZA.p1785
H1N1	7	YPNMAF.p1785
H3N2	25	YPNMAF.p1785
H1N1	56	ZDRE42.p1785
H3N2	5	ZDRE42.p1785
ambiguous	11	ZDRE42.p1785
H1N1	52	ZYKBL8.p1785
H3N2	39	ZYKBL8.p1785
ambiguous	19	ZYKBL8.p1785
H3N2	20	AATCMB.p1788
ambiguous	8	AATCMB.p1788
H3N2	8	ABSBLD.p1788
ambiguous	4	ABSBLD.p1788
H3N2	5	AL7B65.p1788
H3N2	6	BL8AFT.p1788
ambiguous	1	BL8AFT.p1788
H3N2	7	D9VW9Z.p1788
H1N1	7	DGG3XC.p1788
H1N1	15	EL3APM.p1788
H1N1	4	ER9YFU.p1788
H3N2	11	F9UY25.p1788
H1N1	59	FEM9S6.p1788
H3N2	11	FNK86M.p1788
ambiguous	1	FNK86M.p1788
H3N2	4	FUTBXB.p1788
H1N1	37	G6QV6A.p1788
ambiguous	3	G6QV6A.p1788
H3N2	10	GDYPGP.p1788
ambiguous	6	GDYPGP.p1788
H1N1	5	GHJUMP.p1788
ambiguous	3	GHJUMP.p1788
H1N1	26	GLQ7DB.p1788
H1N1	4	GMJ3GH.p1788
H1N1	11	H8865F.p1788
ambiguous	3	H8865F.p1788
H1N1	8	HE9VH5.p1788
H3N2	4	HE9VH5.p1788
ambiguous	4	HE9VH5.p1788
H1N1	29	J5D62F.p1788
H3N2	2	J5D62F.p1788
ambiguous	16	J5D62F.p1788
H1N1	2	J84FNQ.p1788
H1N1	2	KTKF47.p1788
H3N2	18	KTKF47.p1788
ambiguous	1	KTKF47.p1788
H1N1	5	KUC9M2.p1788
H3N2	10	KUC9M2.p1788
ambiguous	4	KUC9M2.p1788
H1N1	1	KUYAAQ.p1788
H1N1	11	L9TZBP.p1788
H3N2	7	L9TZBP.p1788
ambiguous	1	L9TZBP.p1788
H3N2	8	M36BPT.p1788
H1N1	20	MXT228.p1788
H3N2	7	MXT228.p1788
H1N1	29	PHRRQA.p1788
H3N2	9	PHRRQA.p1788
ambiguous	3	PHRRQA.p1788
ambiguous	6	PLQTVY.p1788
H3N2	3	QNTECQ.p1788
ambiguous	6	QNTECQ.p1788
H1N1	12	QYMV98.p1788
ambiguous	2	QYMV98.p1788
H3N2	1	R8FRE4.p1788
H1N1	16	S28XYQ.p1788
ambiguous	2	S28XYQ.p1788
H1N1	21	U5GTPQ.p1788
H3N2	3	UURKDA.p1788
ambiguous	5	UURKDA.p1788
H1N1	3	VTE8HU.p1788
H1N1	12	W3PXDP.p1788
H3N2	10	W3PXDP.p1788
H1N1	11	WBTDMM.p1788
ambiguous	4	WBTDMM.p1788
H1N1	11	WJZXCX.p1788
H3N2	12	WJZXCX.p1788
ambiguous	2	WJZXCX.p1788
H3N2	7	X7P4N4.p1788
H3N2	7	XK52QA.p1788
ambiguous	1	XK52QA.p1788
H1N1	19	XWL69T.p1788
ambiguous	3	XWL69T.p1788
H1N1	3	XZ9NZT.p1788
ambiguous	3	XZ9NZT.p1788
H3N2	4	YR2PTE.p1788
ambiguous	1	YR2PTE.p1788
H1N1	2	YYJFXT.p1788
H3N2	7	YYJFXT.p1788
H3N2	1	Z8J8H7.p1788
H3N2	13	C2QFGN.p1800
H3N2	10	CTB77T.p1800
ambiguous	1	CTB77T.p1800
H3N2	8	EWU5A4.p1800
H3N2	9	FDNA6R.p1800
H1N1	1	FNK9EC.p1800
H3N2	7	FNK9EC.p1800
ambiguous	2	FNK9EC.p1800
H1N1	29	HREP3A.p1800
ambiguous	5	HREP3A.p1800
ambiguous	7	JV8REV.p1800
H1N1	14	JZA2S2.p1800
ambiguous	16	K8SD9G.p1800
H1N1	38	KCSGPT.p1800
H3N2	2	KCSGPT.p1800
ambiguous	12	KCSGPT.p1800
H3N2	4	KD5UTX.p1800
ambiguous	3	KD5UTX.p1800
H1N1	49	KELKZJ.p1800
ambiguous	19	KELKZJ.p1800
H3N2	2	L3QRJZ.p1800
H1N1	285	L4SKCA.p1800
ambiguous	9	L4SKCA.p1800
H1N1	5	MA4GLL.p1800
H3N2	5	MA4GLL.p1800
H3N2	7	MGBSUM.p1800
H3N2	4	MWXJ5J.p1800
ambiguous	2	P6RWHN.p1800
H1N1	1	PDZTYT.p1800
H3N2	1	PDZTYT.p1800
ambiguous	6	PDZTYT.p1800
H3N2	14	PJBJE7.p1800
H3N2	1	PZ95D8.p1800
ambiguous	3	PZ95D8.p1800
H3N2	9	QPV258.p1800
H1N1	13	R33ZR2.p1800
ambiguous	2	R33ZR2.p1800
ambiguous	1	R6NFPY.p1800
H1N1	11	RXWB6L.p1800
ambiguous	2	RXWB6L.p1800
H1N1	15	S3BLHE.p1800
H3N2	7	S3BLHE.p1800
ambiguous	6	S3BLHE.p1800
H1N1	1	SBQKNM.p1800
H1N1	19	SD8NH5.p1800
H3N2	4	SD8NH5.p1800
ambiguous	4	SD8NH5.p1800
H1N1	9	STU9V4.p1800
ambiguous	4	STU9V4.p1800
H3N2	15	T4AMT2.p1800
H3N2	22	TU7E78.p1800
ambiguous	5	TU7E78.p1800
H3N2	12	UK5M6C.p1800
ambiguous	2	UK5M6C.p1800
H5N1	8	URDCA3.p1800
ambiguous	8	URDCA3.p1800
H3N2	25	VDWM6Q.p1800
ambiguous	3	VDWM6Q.p1800
ambiguous	3	VJNQGE.p1800
ambiguous	3	VW8FVC.p1800
H3N2	6	Y65Z87.p1800
H3N2	3	ZJ6MKS.p1800
H1N1	6	ZNR8Y3.p1800
ambiguous	3	ZNR8Y3.p1800
H1N1	3	AAVTC3.p1809
ambiguous	15	AAVTC3.p1809
H1N1	10	ALZY2S.p1809
ambiguous	5	ALZY2S.p1809
H1N1	12	ASF2SC.p1809
H3N2	6	B6CP7Y.p1809
ambiguous	3	B6CP7Y.p1809
H1N1	5	BYEAQY.p1809
H3N2	2	BYEAQY.p1809
H5N1	13	BYEAQY.p1809
ambiguous	3	C5NYPV.p1809
H10N7	1	CADR3U.p1809
H3N2	4	CADR3U.p1809
H5N1	18	CADR3U.p1809
ambiguous	4	CADR3U.p1809
H5N1	30	DWW9YA.p1809
ambiguous	5	DWW9YA.p1809
H3N2	14	E9UZ7Y.p1809
ambiguous	1	E9UZ7Y.p1809
ambiguous	6	EDMPPV.p1809
H3N2	2	EYTTK4.p1809
H5N1	29	EYTTK4.p1809
ambiguous	6	G6TDDG.p1809
H1	1	GJPTKL.p1809
H1N1	75	GJPTKL.p1809
ambiguous	10	GJPTKL.p1809
ambiguous	2	GN9WXF.p1809
ambiguous	1	H7R4KK.p1809
ambiguous	9	HPMTME.p1809
H5N1	6	J83F4B.p1809
H3N2	54	JAKYHT.p1809
ambiguous	13	JAKYHT.p1809
ambiguous	2	JNNAUP.p1809
H3N2	10	JSJ9UQ.p1809
H3N8	2	JSJ9UQ.p1809
H5N1	14	JSJ9UQ.p1809
ambiguous	7	JSJ9UQ.p1809
H1N1	8	JV7F2L.p1809
H5N1	49	JYNUG7.p1809
H7N3	1	JYNUG7.p1809
H1N1	2	K9KAX3.p1809
H3N2	22	K9KAX3.p1809
ambiguous	6	K9KAX3.p1809
ambiguous	1	KM4KEE.p1809
H5N1	3	KV97VW.p1809
ambiguous	3	KV97VW.p1809
ambiguous	4	MSWUA8.p1809
ambiguous	5	MXGMLE.p1809
ambiguous	1	Not-Hybridized-Control.p1809
H5N1	25	QTNF8T.p1809
ambiguous	2	QUX9R6.p1809
H5N1	2	QZRVXD.p1809
ambiguous	2	RN36KG.p1809
H5N1	15	TYLD8P.p1809
ambiguous	2	TYLD8P.p1809
H3N2	33	U8NWSA.p1809
H1N1	11	UG2B2Y.p1809
H3N2	32	UG2B2Y.p1809
ambiguous	1	UG2B2Y.p1809
H1N1	2	UZ7ZE8.p1809
H3N2	3	UZ7ZE8.p1809
H5N1	3	UZ7ZE8.p1809
H5N1	3	V7EX64.p1809
ambiguous	2	VENTZW.p1809
H1N1	6	WHZMG6.p1809
H3N2	5	WXEGNA.p1809
H5N1	5	WXEGNA.p1809
ambiguous	1	WXEGNA.p1809
H5N1	8	WY6H8W.p1809
ambiguous	4	YSUYSB.p1809
H5N1	1	YVFS7E.p1809
ambiguous	74	YVFS7E.p1809
H3N2	11	ZKL9WC.p1809
ambiguous	4	ZKL9WC.p1809
H3N2	2	AKNUWE.p1818
H5N1	7	AKNUWE.p1818
H3N2	2	CA5MSH.p1818
H5N1	13	CA5MSH.p1818
ambiguous	12	CA5MSH.p1818
H1N1	3	CMFJBE.p1818
H5N1	5	DECW4J.p1818
ambiguous	2	DECW4J.p1818
ambiguous	1	DEK76Y.p1818
H3N2	7	E6CZL6.p1818
H5N1	2	E6CZL6.p1818
ambiguous	2	E6CZL6.p1818
ambiguous	1	EYB37Q.p1818
H1N1	1	FFYK82.p1818
H1N1	4	FRV75A.p1818
H5N1	8	FRV75A.p1818
H5N1	5	GDPBTZ.p1818
H3N2	10	GP6ZKS.p1818
H5N1	11	GP6ZKS.p1818
ambiguous	6	GP6ZKS.p1818
ambiguous	1	Hybridized.p1818
H5N1	12	JCLQD4.p1818
ambiguous	2	JCLQD4.p1818
H5N1	12	KC89KQ.p1818
ambiguous	4	M9LSKU.p1818
H5N1	3	MEYC57.p1818
H5N1	4	NAREVP.p1818
ambiguous	3	NAREVP.p1818
H1N1	5	NC8494.p1818
H5N1	21	NC8494.p1818
ambiguous	5	NC8494.p1818
ambiguous	1	Not-Hybridized.p1818
ambiguous	2	NZCP7S.p1818
ambiguous	4	P4P2TC.p1818
ambiguous	48	PMTYNW.p1818
H5N1	16	QA7JXZ.p1818
ambiguous	6	QA7JXZ.p1818
H3N2	3	QE5YRP.p1818
H5N1	3	QE5YRP.p1818
ambiguous	1	QE5YRP.p1818
H5N1	5	QX3BTT.p1818
ambiguous	3	QX3BTT.p1818
H5N1	14	RAWUYW.p1818
H1N1	7	RYXTWA.p1818
H3N2	20	S2A7A4.p1818
H5N1	37	SXUAAJ.p1818
ambiguous	1	SXUAAJ.p1818
H3N2	14	U6ER7B.p1818
H5N1	3	UBTHVB.p1818
H5N1	46	USH9SH.p1818
ambiguous	1	UWKY3B.p1818
H5N1	5	VTM2YC.p1818
ambiguous	1	VTM2YC.p1818
H3N2	17	VW55G6.p1818
H5N1	7	VW55G6.p1818
H5N1	3	WLT3MN.p1818
H5N1	13	X4LNUJ.p1818
ambiguous	1	X4LNUJ.p1818
ambiguous	2	XNJPHC.p1818
H3N2	17	XPMR2M.p1818
H5N1	8	XPMR2M.p1818
ambiguous	9	XPMR2M.p1818
H1N1	1	XXLT4A.p1818
H5N1	3	XXLT4A.p1818
H5N1	9	Y7H8N5.p1818
ambiguous	3	Y7H8N5.p1818
H3N2	4	ZTXRVA.p1818
ambiguous	5	ZTXRVA.p1818
H3N2	3	ZWPSVE.p1818
H5N1	21	ZWPSVE.p1818
ambiguous	1	ZWPSVE.p1818
H1N1	20	BK3XCF.p1823
ambiguous	2	BK3XCF.p1823
H3N2	46	BWFVEQ.p1823
H5N1	47	BWFVEQ.p1823
ambiguous	35	BWFVEQ.p1823
H5N1	22	DFMFZS.p1823
ambiguous	15	DFMFZS.p1823
H5N1	36	FXKZK6.p1823
ambiguous	17	FXKZK6.p1823
H5N1	24	LE77HS.p1823
ambiguous	96	LE77HS.p1823
H3N2	69	LZDLMG.p1823
H5N1	119	LZDLMG.p1823
H6N2	1	LZDLMG.p1823
ambiguous	40	LZDLMG.p1823
ambiguous	7	RW6XS5.p1823
ambiguous	87	S2ATBF.p1823
ambiguous	7	VEGTDQ.p1823
ambiguous	10	Z567UC.p1823
H1N1	20	ASAL5L.p1826
H5N1	12	ASAL5L.p1826
ambiguous	5	BSZ73B.p1826
ambiguous	7	CWDUY8.p1826
ambiguous	6	DQ6VB8.p1826
ambiguous	19	DVGFSQ.p1826
H5N1	2	GJMKZG.p1826
H5N8	7	GJMKZG.p1826
ambiguous	35	GJMKZG.p1826
H5N1	16	GKKHUQ.p1826
ambiguous	10	LRXGLB.p1826
ambiguous	1	Not-Hybridized-Control.p1826
H5N1	57	QSK7YF.p1826
ambiguous	1	QSK7YF.p1826
ambiguous	5	TYMNRU.p1826
H3N2	13	U69RDA.p1826
H5N1	75	U69RDA.p1826
H3N2	2	VBTY2N.p1826
H5N1	60	VBTY2N.p1826
ambiguous	2	VBTY2N.p1826
H3N2	8	WNJBJQ.p1826
H3N2	3	XWA9TG.p1826
ambiguous	42	YJFB4B.p1826
H1N1	22	ZCQ2PV.p1826
ambiguous	4	ZCQ2PV.p1826
ambiguous	3	ASAD6S.p1831
H5N1	17	AXPBA6.p1831
H5N1	29	C77P28.p1831
ambiguous	8	C77P28.p1831
H3N2	7	C7KZE6.p1831
H5N1	76	C7KZE6.p1831
ambiguous	3	C7KZE6.p1831
H3N2	29	CA67H7.p1831
ambiguous	8	CA67H7.p1831
ambiguous	14	D7RR4H.p1831
ambiguous	5	DMQXPB.p1831
H3N2	106	FBC47A.p1831
H5N1	1	FBC47A.p1831
H5N8	30	FBC47A.p1831
ambiguous	8	FBC47A.p1831
H5N1	4	FSYBZ6.p1831
ambiguous	73	FSYBZ6.p1831
H5N1	33	H5GNU3.p1831
ambiguous	2	HQTPDK.p1831
H3N2	15	TRXQ97.p1831
ambiguous	15	TRXQ97.p1831
H5N1	7	BR9SMX.p1834
H5N1	96	DDVCRX.p1834
ambiguous	27	DDVCRX.p1834
H5N1	30	FYQ4WJ.p1834
H1N1	31	HP8C6R.p1834
H3N2	48	HP8C6R.p1834
ambiguous	22	HP8C6R.p1834
H5N1	263	J7MDS6.p1834
ambiguous	13	JKP3XV.p1834
H5N1	6	L3AVHC.p1834
ambiguous	7	SDHJ7A.p1834
H3N2	44	SKCTY7.p1834
H5N1	17	SKCTY7.p1834
ambiguous	2	SKCTY7.p1834
H3N2	8	UJ9VGP.p1834
ambiguous	3	UJ9VGP.p1834
H5N1	32	UWX3HE.p1834
ambiguous	11	UWX3HE.p1834
ambiguous	7	YUYCYK.p1834
H5N1	49	YX9QYT.p1834
ambiguous	6	YX9QYT.p1834
H5N1	66	AZ3EV2.p1835
ambiguous	82	BDAPRA.p1835
H3N2	102	DAZEQV.p1835
H5N1	234	DAZEQV.p1835
ambiguous	4	DAZEQV.p1835
H5N1	44	GM38UF.p1835
ambiguous	8	GM38UF.p1835
ambiguous	9	HCWZBL.p1835
H5N1	19	JBCFPC.p1835
ambiguous	55	JBCFPC.p1835
ambiguous	11	MXUES3.p1835
ambiguous	4	Q3CBDU.p1835
H5N1	50	RHKZGD.p1835
H5N1	49	S3RW34.p1835
H5N1	58	T4LX63.p1835
ambiguous	3	T4LX63.p1835
ambiguous	2	YU6F64.p1835
H3N2	99	AMVNGR.p1838
ambiguous	12	BUYBBW.p1838
H3N2	17	D73AGA.p1838
H5N1	206	D73AGA.p1838
H3N2	40	DZLW3Q.p1838
ambiguous	40	DZLW3Q.p1838
H3N2	18	KPZRK4.p1838
H3N2	6	L6G3A4.p1838
H5N1	22	L6G3A4.p1838
ambiguous	1	L6G3A4.p1838
H5N1	17	PPP93A.p1838
ambiguous	10	QY9WDF.p1838
ambiguous	5	RFLBSS.p1838
H5N1	27	S8JPZF.p1838
H5N1	9	WT2UTA.p1838
